name,price,url,image,Model,Màu s?c,Nhà s?n xu?t,Xu?t x?,N?m ra m?t ,Th?i gian b?o hành,??a ?i?m b?o hành,H? ?i?u hành,Chipset,RAM,B? nh? trong,H? tr? th? nh? ngoài,C?m ?ng,Lo?i màn hình,Kích th??c màn hình,?? phân gi?i màn hình,Camera tr??c,Camera sau,?èn Flash,Video,M?ng 4G,Lo?i SIM,WIFI,Bluetooth,GPS,USB,Jack 3.5mm,Dung l??ng Pin,M? khóa nhanh,Thi?t k?,Ghi âm,Radio,Ma?n hi?nh tra?n viê?n,Ti?n ích khác ?TD?,Kích th??c s?n ph?m
?i?n tho?i Samsung Galaxy S23 Ultra 8GB/256GB ?en,25990000,https://www.nguyenkim.com/dien-thoai-samsung-galaxy-s23-ultra-8gb-256gb-den.html,['https://cdn.nguyenkimmall.com/images/detailed/855/10054737.jpg'], S918 , ?en , Samsung , Vi?t Nam , T2. 2023 , 12 Tháng , Nguy?n Kim , Android 13  One UI 5.1 , Snapdragon® 8 Gen 2 Mobile Platform , 8GB , 256GB ,,, Edge Quad HD+ ," 6.8 "" ", 1440 x 3088 pixels , 12 MP , 200MP  12MP  10MP  10MP (Zoom quang h?c 3x và 10x  Zoom K? thu?t s? lên t?i 100x1) , LED Flash ,,, Nano , 6 GHz  Dual-band (2.4 GHz/5 GHz)  Wi-Fi 802.11 a/b/g/n/ac/ax  Wi-Fi Direct , v5.3 , Có , Type-C ,, 5000mAh , M? khoá khuôn m?t  M? khoá vân tay d??i màn hình , Nguyên kh?i , Ghi âm m?c ??nh  Ghi âm cu?c g?i ,,,, 163.4 x 78.1 x 8.9 mm 
?i?n tho?i Samsung Galaxy A04 3GB/32GB ?en,2190000,https://www.nguyenkim.com/dien-thoai-samsung-galaxy-a04-3gb-32gb-den.html,['https://cdn.nguyenkimmall.com/images/detailed/834/10053681-dien-thoai-samsung-galaxy-a04-3gb-32gb-den-1.jpg'], SM-A045F/DS , ?en , Samsung , Viê?t Nam , 2022 , 12 Tháng , Nguy?n Kim , Android 12 , MediaTek Helio P35 8 nhân , 3 GB , 32 GB , MicroSD  h? tr? t?i ?a 1 TB , Kính c??ng l?c Corning Gorilla Glass 3 , IPS LCD ," 6.5 "" ", HD+ (720 x 1600) pixels , 5 MP , 50 MP  2 MP ,,, H? tr? 4G ,, Wi-Fi 802.11 a/b/g/n/ac , v5.0 , Có , Type-C , Có , 5000 mAh , M? khoá khuôn m?t , Nguyên kh?i , Ghi âm m?c ??nh  Ghi âm cu?c g?i , Có , Co? ,, 164.4 x 76.3 x 9.1 mm 
?i?n tho?i Samsung Galaxy A14 5G 4GB/128GB B?c,4290000,https://www.nguyenkim.com/dien-thoai-samsung-galaxy-a14-5g-4gb-128gb-bac.html,['https://cdn.nguyenkimmall.com/images/detailed/856/10054629-dien-thoai-samsung-galaxy-a14-5g-4gb-128gb-bac-1.jpg'], SM-A146P/DS , B?c , Samsung , Vi?t Nam , T1. 2023 , 12 Tháng , Nguy?n Kim , Android 13  One UI Core 5 , Mediatek MT6833 Dimensity 700 (7 nm) , 4GB , 128GB , MicroSD  h? tr? t?i ?a 1 TB ,, PLS LCD ," 6.6 "" ", 1080 x 2408 pixels , 13 MP , 50MP  2MP  2MP , Yes ,,, 2 Nano SIM , Wi-Fi 802.11 a/b/g/n/ac  Wi-Fi hotspot  Wi-Fi Direct Dual-band (2.4 GHz/5 GHz) , v5.2 , Có , Type-C , Yes , 5000mAh , M? khóa b?ng vân tay , Nguyên kh?i , Có ,,,, 167.7 x 78 x 9.1 mm 
?i?n tho?i Samsung Galaxy A04 3GB/32GB Xanh,2190000,https://www.nguyenkim.com/dien-thoai-samsung-galaxy-a04-3gb-32gb-xanh.html,['https://cdn.nguyenkimmall.com/images/detailed/834/10053680-dien-thoai-samsung-galaxy-a04-3gb-32gb-xanh-1.jpg'], SM-A045F/DS , Xanh , Samsung , Viê?t Nam , 2022 , 12 Tháng , Nguy?n Kim , Android 12 , MediaTek Helio P35 8 nhân , 3 GB , 32 GB , MicroSD  h? tr? t?i ?a 1 TB ,, IPS LCD ," 6.5 "" ", HD+ (720 x 1600) pixels , 5 MP , 50 MP  2 MP ,,, H? tr? 4G ,, Wi-Fi 802.11 a/b/g/n/ac , v5.0 , Có , Type-C , Có , 5000 mAh , M? khoá khuôn m?t , Nguyên kh?i , Ghi âm m?c ??nh  Ghi âm cu?c g?i , Có , Co? ,, 164.4 x 76.3 x 9.1 mm 
?i?n tho?i Samsung Galaxy A14 5G 4GB/128GB ?en,4290000,https://www.nguyenkim.com/dien-thoai-samsung-galaxy-a14-5g-4gb-128gb-den.html,['https://cdn.nguyenkimmall.com/images/detailed/856/10054628-dien-thoai-samsung-galaxy-a14-5g-4gb-128gb-den-1.jpg'], SM-A146P/DS , ?en , Samsung , Vi?t Nam , T1. 2023 , 12 Tháng , Nguy?n Kim , Android 13  One UI Core 5 , Mediatek MT6833 Dimensity 700 (7 nm) , 4GB , 128GB , MicroSD  h? tr? t?i ?a 1 TB ,, PLS LCD ," 6.6 "" ", 1080 x 2408 pixels , 13 MP , 50MP  2MP  2MP , Yes ,,, 2 Nano SIM , Wi-Fi 802.11 a/b/g/n/ac  Wi-Fi hotspot  Wi-Fi Direct Dual-band (2.4 GHz/5 GHz) , v5.2 , Có , Type-C , Yes , 5000mAh , M? khóa b?ng vân tay , Nguyên kh?i , Có , Có ,,, 167.7 x 78 x 9.1 mm 
?i?n tho?i Samsung Galaxy A14 4G 4GB/128GB ?en,3550000,https://www.nguyenkim.com/dien-thoai-samsung-galaxy-a14-den.html,['https://cdn.nguyenkimmall.com/images/detailed/862/10055047-dien-thoai-samsung-galaxy-a14-4gb-64gb-den-1.jpg'], A14 (SM-A145F/DS) , ?en , Samsung , Vi?t Nam , T3. 2023 , 12 Tháng , Nguy?n Kim , Android 13  One UI Core 5 , Exynos 850 8 nhân , 4 GB , 128 GB , MicroSD (lên ??n 1TB) ,, PLS LCD ," 6.6 "" ", FHD+ 1080 x 2408 pixels , 13 MP , 50MP  5MP  2MP , Có , 1080p@30fps , H? tr? 4G , Nano SIM , Wi-Fi 802.11 a/b/g/n/ac  dual-band  Wi-Fi Direct , 5.1  A2DP  LE , GPS  GALILEO  GLONASS  BDS  QZSS , USB Type-C 2.0 , Có , 5000mAh , C?m bi?n vân tay , Nguyên kh?i , Có ,,,, 167.7 x 78 x 9.1 mm 
?i?n tho?i Samsung Galaxy A14 4G 4GB/128GB B?c,3550000,https://www.nguyenkim.com/dien-thoai-samsung-galaxy-a14-bac.html,['https://cdn.nguyenkimmall.com/images/detailed/862/10055098-dien-thoai-samsung-galaxy-a14-4gb-64gb-bac-1.jpg'], A14 (SM-A145F/DS) , B?c , Samsung , Vi?t Nam , T3. 2023 , 12 Tháng , Nguy?n Kim , Android 13  One UI Core 5 , Exynos 850 8 nhân , 4 GB , 128 GB , MicroSD (lên ??n 1TB) ,, PLS LCD ," 6.6 "" ", FHD+ 1080 x 2408 pixels , 13 MP , 50MP  5MP  2MP , Có , 1080p@30fps , H? tr? 4G , Nano SIM , Wi-Fi 802.11 a/b/g/n/ac  dual-band  Wi-Fi Direct , 5.1  A2DP  LE , GPS  GALILEO  GLONASS  BDS  QZSS , USB Type-C 2.0 , Có , 5000mAh , C?m bi?n vân tay , Nguyên kh?i , Có ,,,, 167.7 x 78 x 9.1 mm 
?i?n tho?i Samsung Galaxy A23 5G 4GB/128GB ?en,4790000,https://www.nguyenkim.com/dien-thoai-samsung-galaxy-a23-5g-4gb-128gb-den.html,['https://cdn.nguyenkimmall.com/images/detailed/836/10053767-dien-thoai-samsung-galaxy-a23-5g-4gb-128gb-den-1.jpg'], A236 (SM-A236E/DS) , ?en , Samsung , Vi?t Nam , 11/2022 , 12 Tháng , Nguy?n Kim , Android 12 , Snapdragon 695 5G 8 nhân , 4GB , 128GB , MicroSD  h? tr? t?i ?a 1 TB , Kính c??ng l?c Corning Gorilla Glass 3 , Tràn vi?n vô c?c Infinity-V FHD+ ," 6.6 "" ", Full HD+ (1080 x 2408) pixels , 8MP , 50MP (Chính)  5MP (Camera góc siêu r?ng)  2MP (Macro)  2MP (Depth) , Có ,, H? tr? 5G , 2 Nano SIM , Wi-Fi 802.11 a/b/g/n/ac  Wi-Fi Direct Wi-Fi hotspot , v5.1 , GPS  GALILEO GLONASS , Type-C , Có , 5000mAh , M? khoá vân tay c?nh vi?n  M? khoá khuôn m?t , Nguyên kh?i , Ghi âm m?c ??nh  Ghi âm cu?c g?i , Có ,, Quay ch?p Ch?ng rung OIS 2022 , 165.4 x 76.9 x 8.4 mm 
?i?n tho?i Samsung Galaxy A14 4G 4GB/128GB ??,3550000,https://www.nguyenkim.com/dien-thoai-samsung-galaxy-a14-do.html,['https://cdn.nguyenkimmall.com/images/detailed/862/10055046-dien-thoai-samsung-galaxy-a14-4gb-64gb-do-1.jpg'], A14 (SM-A145F/DS) , ?? , Samsung , Vi?t Nam , T3. 2023 , 12 Tháng , Nguy?n Kim , Android 13  One UI Core 5 , Exynos 850 8 nhân , 4 GB , 128 GB , MicroSD (lên ??n 1TB) ,, PLS LCD ," 6.6 "" ", FHD+ 1080 x 2408 pixels , 13 MP , 50MP  5MP  2MP , Có , 1080p@30fps , H? tr? 4G , Nano SIM , Wi-Fi 802.11 a/b/g/n/ac  dual-band  Wi-Fi Direct , 5.1  A2DP  LE , GPS  GALILEO  GLONASS  BDS  QZSS , USB Type-C 2.0 , Có , 5000mAh , C?m bi?n vân tay , Nguyên kh?i , Có ,,,, 167.7 x 78 x 9.1 mm 
?i?n tho?i Samsung Galaxy A04 3GB/32GB ??ng,2190000,https://www.nguyenkim.com/dien-thoai-samsung-galaxy-a04-3gb-32gb-dong.html,['https://cdn.nguyenkimmall.com/images/detailed/834/10053679-dien-thoai-samsung-galaxy-a04-3gb-32gb-dong-1.jpg'], SM-A045F/DS , ??ng , Samsung , Viê?t Nam , 2022 , 12 Tháng , Nguy?n Kim , Android 12 , MediaTek Helio P35 8 nhân , 3 GB , 32 GB , MicroSD  h? tr? t?i ?a 1 TB ,, IPS LCD ," 6.5 "" ", HD+ (720 x 1600) pixels , 5 MP , 50 MP  2 MP ,,, H? tr? 4G ,, Wi-Fi 802.11 a/b/g/n/ac , v5.0 , Có , Type-C , Có , 5000 mAh , M? khoá khuôn m?t , Nguyên kh?i , Ghi âm m?c ??nh  Ghi âm cu?c g?i , Có , Co? ,, 164.4 x 76.3 x 9.1 mm 
?i?n tho?i Samsung Galaxy A34 5G 8GB/128GB ?en,6990000,https://www.nguyenkim.com/dien-thoai-samsung-galaxy-a34-5g-8gb-128gb-den.html,['https://cdn.nguyenkimmall.com/images/detailed/862/10055104-dien-thoai-samsung-galaxy-a34-5g-8gb-128gb-den-1.jpg'], A34 5G (SM-A346E/DS) , ?en , Samsung , Vi?t Nam , T3.2023 , 12 Tháng , Nguy?n Kim , Android 13  One UI 5 , Dimensity 1080 – 5nm , 8 GB , 128 GB , Th? nh? t?i ?a 1TB ,, Super AMOLED  1000 nits  Eye-care gi?m t?i 50% ánh sáng xanh ," 6.6 "" ", FHD+ pixels , 13MP (F2.2) , 48MP F1.8 OIS (R?ng)  8MP F2.2 (Siêu R?ng)  5MP F2.4 (C?n c?nh) ,,,, Nano SIM ,,,, Type-C ,, 5000 mAh , Vân tay trong màn hình ,,,,,, 161.3 x 78.1 x 8.2 mm 
?i?n tho?i Samsung Galaxy A34 5G 8GB/128GB B?c,6990000,https://www.nguyenkim.com/dien-thoai-samsung-galaxy-a34-5g-8gb-128gb-bac.html,['https://cdn.nguyenkimmall.com/images/detailed/862/10055105-dien-thoai-samsung-galaxy-a34-5g-8gb-128gb-bac-1.jpg'], A34 5G (SM-A346E/DS) , B?c , Samsung , Vi?t Nam , T3.2023 , 12 Tháng , Nguy?n Kim , Android 13  One UI 5 , Dimensity 1080 – 5nm , 8 GB , 128 GB , Th? nh? t?i ?a 1TB ,, Super AMOLED  1000 nits  Eye-care gi?m t?i 50% ánh sáng xanh ," 6.6 "" ", FHD+ pixels , 13MP (F2.2) , 48MP F1.8 OIS (R?ng)  8MP F2.2 (Siêu R?ng)  5MP F2.4 (C?n c?nh) ,,,, Nano SIM ,,,, Type-C ,, 5000 mAh , Vân tay trong màn hình ,,,,,, 161.3 x 78.1 x 8.2 mm 
?i?n tho?i Samsung Galaxy A54 5G 8GB/128GB ?en,8490000,https://www.nguyenkim.com/dien-thoai-samsung-galaxy-a54-5g-8gb-128gb-den.html,['https://cdn.nguyenkimmall.com/images/detailed/862/10055112-dien-thoai-samsung-galaxy-a54-5g-8gb-128gb-den-1.jpg'], A54 5G (SM-A546E/DS) , ?en , Samsung , Vi?t Nam , T3.2023 , 12 Tháng , Nguy?n Kim , Android 13  One UI 5 , Exynos 1380 8 nhân , 8 GB , 128 GB , Th? nh? t?i ?a 1TB ,, Super AMOLED  1000 nits  Eye-care gi?m t?i 50% ánh sáng xanh ," 6.4 "" ", FHD+ pixels , 32MP F2.2 , 50 MP F1.8 OIS (R?ng)  12 MP F2.2 (Siêu R?ng)  5 MP F2.4 (C?n c?nh) ,,,, Nano SIM ,,,, Type-C ,, 5000 mAh , Vân tay trong màn hình ,,,,,, 158.2 x 76.7 x 8.2 mm 
?i?n tho?i Samsung Galaxy A34 5G 8GB/128GB Xanh,6990000,https://www.nguyenkim.com/dien-thoai-samsung-galaxy-a34-5g-8gb-128gb-xanh.html,['https://cdn.nguyenkimmall.com/images/detailed/862/10055103-dien-thoai-samsung-galaxy-a34-5g-8gb-128gb-xanh-1.jpg'], A34 5G (SM-A346E/DS) , Xanh , Samsung , Vi?t Nam , T3.2023 , 12 Tháng , Nguy?n Kim , Android 13  One UI 5 , Dimensity 1080 – 5nm , 8 GB , 128 GB , Th? nh? t?i ?a 1TB ,, Super AMOLED  1000 nits  Eye-care gi?m t?i 50% ánh sáng xanh ," 6.6 "" ", FHD+ pixels , 13MP (F2.2) , 48MP F1.8 OIS (R?ng)  8MP F2.2 (Siêu R?ng)  5MP F2.4 (C?n c?nh) ,,,, Nano SIM ,,,, Type-C ,, 5000 mAh , Vân tay trong màn hình ,,,,,, 161.3 x 78.1 x 8.2 mm 
?i?n tho?i Samsung Galaxy A14 5G 4GB/128GB ??,4290000,https://www.nguyenkim.com/dien-thoai-samsung-galaxy-a14-5g-4gb-128gb-do.html,['https://cdn.nguyenkimmall.com/images/detailed/856/10054597-dien-thoai-samsung-galaxy-a14-5g-4gb-128gb-do-1.jpg'], SM-A146P/DS , ?? , Samsung , Vi?t Nam , T1. 2023 , 12 Tháng , Nguy?n Kim , Android 13  One UI Core 5 , Mediatek MT6833 Dimensity 700 (7 nm) , 4GB , 128GB , MicroSD  h? tr? t?i ?a 1 TB ,, PLS LCD ," 6.6 "" ", 1080 x 2408 pixels , 13 MP , 50MP  2MP  2MP , Yes ,,, 2 Nano SIM , Wi-Fi 802.11 a/b/g/n/ac  Wi-Fi hotspot  Wi-Fi Direct Dual-band (2.4 GHz/5 GHz) , v5.2 , Có , Type-C , Yes , 5000mAh , M? khóa b?ng vân tay , Nguyên kh?i , Có , Có ,,, 167.7 x 78 x 9.1 mm 
?i?n tho?i Samsung Galaxy A54 5G 8GB/128GB Xanh,8490000,https://www.nguyenkim.com/dien-thoai-samsung-galaxy-a54-5g-8gb-128gb-xanh.html,['https://cdn.nguyenkimmall.com/images/detailed/862/10055110-dien-thoai-samsung-galaxy-a54-5g-8gb-128gb-xanh-1.jpg'], A54 5G (SM-A546E/DS) , Xanh , Samsung , Vi?t Nam , T3.2023 , 12 Tháng , Nguy?n Kim , Android 13  One UI 5 , Exynos 1380 8 nhân , 8 GB , 128 GB , Th? nh? t?i ?a 1TB ,, Super AMOLED  1000 nits  Eye-care gi?m t?i 50% ánh sáng xanh ," 6.4 "" ", FHD+ pixels , 32MP F2.2 , 50 MP F1.8 OIS (R?ng)  12 MP F2.2 (Siêu R?ng)  5 MP F2.4 (C?n c?nh) ,,,, Nano SIM ,,,, Type-C ,, 5000 mAh , Vân tay trong màn hình ,,,,,, 158.2 x 76.7 x 8.2 mm 
?i?n tho?i iPhone 14 Pro Max 256GB Tím,29690000,https://www.nguyenkim.com/dien-thoai-iphone-14-pro-max-256gb-tim.html,['https://cdn.nguyenkimmall.com/images/detailed/824/tim_axho-jo.jpg'], iPhone 14 Pro Max 256GB , Tím , iPhone , Trung Qu?c , 9/2022 , 12 Tháng , Nguy?n Kim , iOS 16 , Apple A16 Bionic 6 nhân , 6 GB , 256 GB ,, C?m ?ng ?i?n dung ?a ?i?m , OLED ," 6.7 "" ", 1290 x 2796 pixels , 12MP , Chính 48 MP  Ph? 12 MP - 12 MP , Có ,,, 1 Nano SIM & 1 eSIM , Wi-Fi 802.11 a/b/g/n/ac/ax  Wi-Fi hotspot  Wi-Fi MIMO , v5.3 , BEIDOU  GALILEO  GLONASS  GPS  QZSS , Lightning ,, 29 gi? , M? khoá khuôn m?t Face ID , Nguyên kh?i , Ghi âm m?c ??nh ,,, S?c không dây MagSafe  Ch?m 2 l?n sáng màn hình  Màn hình luôn hi?n th? AOD  Phát hi?n va ch?m (Crash Detection)  Apple Pay , 160.7 x 77.6 x 7.85 mm 
?i?n tho?i Samsung Galaxy A04s 4GB/64GB ??ng,3090000,https://www.nguyenkim.com/dien-thoai-samsung-galaxy-a04s-4gb-64gb-dong.html,['https://cdn.nguyenkimmall.com/images/detailed/827/10053256-dien-thoai-samsung-galaxy-a04s-4gb-64gb-dong-1.jpg'], SM-A047F/DS , ??ng , Samsung , Viê?t Nam , 2022 , 12 Tháng , Nguy?n Kim , Android 12  One UI Core 4 , Exynos 850 (8nm) , 4GB , 64GB , MicroSD  h? tr? t?i ?a 1 TB ,, IPS LCD ," 6.5 "" ", HD+ (720 x 1600) pixels , 5MP , 50MP - 2MP - 2MP , Có ,, Có , 2 SIM (Nano-SIM) , Wi-Fi 802.11 a/b/g/n/ac , v5.0 , GPS  Glonass  Beidou  Galileo  QZSS , Type-C , Có , 5000mAh , M? khoá vân tay c?nh vi?n  M? khoá khuôn m?t , Nguyên kh?i , Ghi âm m?c ??nh  Ghi âm cu?c g?i , Có ,,, 164.7 x 76.7 x 9.1 mm 
?i?n tho?i Nokia 8210 4G Tr?ng,1490000,https://www.nguyenkim.com/dien-thoai-nokia-8210-4g-trang.html,['https://cdn.nguyenkimmall.com/images/detailed/821/10053177-dien-thoai-nokia-8210-4g-trang-1.jpg'], NOKIA8210 , Tr?ng , Nokia , Trung Quô?c ,, 12 Tháng , Nguy?n Kim , Series 30+ ," 	Unisoc T107 (22 nm) ", 48 MP , 128 MP ,,,," 2.8 "" ", QVGA (320 x 240) pixels ,, 0.3 MP ,,, Có h? tr? , 2 Nano SIM ,, Bluetooth 5.0  ,," 	Micro USB (USB 2.0) ", Co? ," 	1450 mAh ",,,,,,," 	131.3 x 56.2 x 13.8 mm "
?i?n tho?i Samsung Galaxy A04s 4GB/64GB ?en,3090000,https://www.nguyenkim.com/dien-thoai-samsung-galaxy-a04s-4gb-64gb-den.html,['https://cdn.nguyenkimmall.com/images/detailed/827/10053348-dien-thoai-samsung-galaxy-a04s-4gb-64gb-den-1.jpg'], SM-A047F/DS , ?en , Samsung , Viê?t Nam , 2022 , 12 Tháng , Nguy?n Kim , Android 12  One UI Core 4 , Exynos 850 (8nm) , 4GB , 64GB , MicroSD  h? tr? t?i ?a 1 TB ,, IPS LCD ," 6.5 "" ", HD+ (720 x 1600) pixels , 5MP , 50MP - 2MP - 2MP , Có ,, Có , 2 SIM (Nano-SIM) , Wi-Fi 802.11 a/b/g/n/ac , v5.0 , GPS  Glonass  Beidou  Galileo  QZSS , Type-C , Có , 5000mAh , M? khoá vân tay c?nh vi?n  M? khoá khuôn m?t , Nguyên kh?i , Ghi âm m?c ??nh  Ghi âm cu?c g?i , Có ,,, 164.7 x 76.7 x 9.1 mm 
?i?n tho?i Nokia 8210 4G ??,1490000,https://www.nguyenkim.com/dien-thoai-nokia-8210-4g-do.html,['https://cdn.nguyenkimmall.com/images/detailed/821/10053176-dien-thoai-nokia-8210-4g-do-1.jpg'], NOKIA8210 , ?? , Nokia , Trung Qu?c ,, 12 Tháng , Nguy?n Kim , Series 30+ ," 	Unisoc T107 (22 nm) ", 48 MB , 128 MB , MicroSD  h? tr? t?i ?a 32 GB ,,," 2.8 "" "," 	QVGA (320 x 240) pixels ",, 0.3 MP ,,, Có h? tr? , 2 nano SIM ,," 	Bluetooth 5.0 ",,, Có , 1450 mAh ,,,,,,, 131.3 x 56.2 x 13.8 mm 
?i?n tho?i Samsung Galaxy A54 5G 8GB/128GB Tím,8490000,https://www.nguyenkim.com/dien-thoai-samsung-galaxy-a54-5g-8gb-128gb-tim.html,['https://cdn.nguyenkimmall.com/images/detailed/862/10055111-dien-thoai-samsung-galaxy-a54-5g-8gb-128gb-tim-1.jpg'], A54 5G (SM-A546E/DS) , Tím , Samsung , Vi?t Nam , T3.2023 , 12 Tháng , Nguy?n Kim , Android 13  One UI 5 , Exynos 1380 8 nhân , 8 GB , 128 GB , Th? nh? t?i ?a 1TB ,, Super AMOLED  1000 nits  Eye-care gi?m t?i 50% ánh sáng xanh ," 6.4 "" ", FHD+ pixels , 32MP F2.2 , 50 MP F1.8 OIS (R?ng)  12 MP F2.2 (Siêu R?ng)  5 MP F2.4 (C?n c?nh) ,,,, Nano SIM ,,,, Type-C ,, 5000 mAh , Vân tay trong màn hình ,,,,,, 158.2 x 76.7 x 8.2 mm 
?i?n tho?i OPPO A17 4GB/64GB Xanh,3690000,https://www.nguyenkim.com/dien-thoai-oppo-a17-4gb-64gb-xanh.html,['https://cdn.nguyenkimmall.com/images/detailed/839/10053753-dien-thoai-oppo-a17-4gb-64gb-xanh-1.jpg'], A17 (CPH2477) , Xanh , OPPO , Trung Quô?c , 2022 , 12 Tháng , Nguy?n Kim , Android 12 (ColorOS 12.1.1) , MediaTek Helio G35  t?i ?a 2.3GHz , 4 GB , 64 GB , MicroSD  h? tr? t?i ?a 1 TB ,, LCD ," 6.56 "" ", HD+ (720 x 1612) pixels , 5 MP , 50 MP (chính) + VGA - Kh?u ?? F/1.8 + F/2.8 ,,, H? tr? 4G , 2 Nano SIM + 1 th? nh? , 2.4G/5G  802.11 a/b/g/n/ac , 5.3 , Có , Micro USB , Có , 5000mAh , M? khóa b?ng vân tay , Nguyên kh?i , Có , Có ,,, 164.2 x 75.6 x 8.3 mm 
?i?n tho?i OPPO A17 4GB/64GB ?en,3690000,https://www.nguyenkim.com/dien-thoai-oppo-a17-4gb-64gb-den.html,['https://cdn.nguyenkimmall.com/images/detailed/839/10053754-dien-thoai-oppo-a17-4gb-64gb-den-1.jpg'], A17 (CPH2477) , ?en , OPPO , Trung Quô?c , 2022 , 12 Tháng , Nguy?n Kim , Android 12 (ColorOS 12.1.1) , MediaTek Helio G35  t?i ?a 2.3GHz , 4 GB , 64 GB , MicroSD  h? tr? t?i ?a 1 TB ,, LCD ," 6.56 "" ", HD+ (720 x 1612) pixels , 5 MP , 50 MP (chính) + VGA - Kh?u ?? F/1.8 + F/2.8 ,,, H? tr? 4G , 2 Nano SIM + 1 th? nh? , 2.4G/5G  802.11 a/b/g/n/ac , 5.3 , Có , Micro USB , Có , 5000mAh , M? khóa b?ng vân tay , Nguyên kh?i , Có , Có ,,, 164.2 x 75.6 x 8.3 mm 
?i?n tho?i Samsung Galaxy A04s 4GB/64GB Xanh,3090000,https://www.nguyenkim.com/dien-thoai-samsung-galaxy-a04s-4gb-64gb-xanh.html,['https://cdn.nguyenkimmall.com/images/detailed/827/10053257-dien-thoai-samsung-galaxy-a04s-4gb-64gb-xanh-1.jpg'], SM-A047F/DS , Xanh , Samsung , Viê?t Nam , 2022 , 12 Tháng , Nguy?n Kim , Android 12  One UI Core 4 , Exynos 850 (8nm) , 4GB , 64GB , MicroSD  h? tr? t?i ?a 1 TB ,, IPS LCD ," 6.5 "" ", HD+ (720 x 1600) pixels , 5MP , 50MP - 2MP - 2MP , Có ,, Có , 2 SIM (Nano-SIM) , Wi-Fi 802.11 a/b/g/n/ac , v5.0 , GPS  Glonass  Beidou  Galileo  QZSS , Type-C , Có , 5000mAh , M? khoá vân tay c?nh vi?n  M? khoá khuôn m?t , Nguyên kh?i , Ghi âm m?c ??nh  Ghi âm cu?c g?i , Có ,,, 164.7 x 76.7 x 9.1 mm 
?i?n tho?i Nokia 105 4G Xanh,650000,https://www.nguyenkim.com/dien-thoai-nokia-105-4g-xanh.html,['https://cdn.nguyenkimmall.com/images/detailed/808/10052227-dien-thoai-nokia-105-4g-xanh-1.jpg'], NOKIA1054GDS , Xanh , Nokia , Trung Quô?c , 2021 , 12 Tháng , Nguy?n Kim , Series 30+ , Unisoc T107 , 48 MB , 128 MB ,,, TFT LCD ," 1.8 "" ", QQVGA (120 x 160) pixels ,,,,, Có h? tr? , 2 Nano SIM ,,,, Micro USB , Có , 1020 mAh ,, Pin r?i ,,,,, 121x50x14.5 mm 
?i?n tho?i OPPO A17K 3GB/64GB Vàng,2990000,https://www.nguyenkim.com/dien-thoai-oppo-a17k-3gb-64gb-vang.html,['https://cdn.nguyenkimmall.com/images/detailed/839/10053839-dien-thoai-oppo-a17k-3gb-64gb-vang-1.jpg'], A17K (CPH2471) , Vàng , OPPO , Trung Quô?c ,, 12 Tháng , Nguy?n Kim ," 	Android 12 ", Helio G35  t?i ?a 2.3GHz , 3 GB , 64 GB , H? tr? t?i ?a 1 TB ,, LCD  Kính c??ng l?c Panda ," 6.56 "" ", HD+ (720 x 1612) pixels , 5 MP , 8 MP , Có ,,, 2 nano SIM ,, 5.3 ,,, Có , 5000 mAh  s?c 10W , C?m bi?n vân tay (c?nh bên) ,,,,,, 164.2 x 75.6 x 8.3 mm 
?i?n tho?i Nokia 105 4G ?en,650000,https://www.nguyenkim.com/dien-thoai-nokia-105-4g-den.html,['https://cdn.nguyenkimmall.com/images/detailed/808/10052238-dien-thoai-nokia-105-4g-den-1.jpg'], NOKIA1054GDS , ?en , Nokia , Trung Quô?c , 2021 , 12 Tháng , Nguy?n Kim , Series 30+ , Unisoc T107 , 48 MB , 128 MB ,,, TFT LCD ," 1.8 "" ", QQVGA (120 x 160) pixels ,,,,, Có h? tr? , 2 Nano SIM ,,,, Micro USB , Có , 1020 mAh ,, Pin r?i ,,,,, 121x50x14.5 mm 
?i?n tho?i Samsung Galaxy A23 4GB/128GB Xanh,4490000,https://www.nguyenkim.com/dien-thoai-samsung-galaxy-a23-4gb-128gb-xanh.html,['https://cdn.nguyenkimmall.com/images/detailed/790/10051572-dien-thoai-samsung-galaxy-a23-4gb-128gb-xanh-1.jpg'], SM-A235F/DS , Xanh , Samsung , Vi?t Nam , 2022 , 12 Tháng , Nguy?n Kim , Android , Snapdragon 680 8 nhân , 4GB , 128GB , MicroSD  h? tr? t?i ?a 1 TB ,, LCD ," 6.6 "" ", Full HD+ (1080 x 2408) pixels , 8 MP , 50MP - 5MP - 2MP - 2MP , Có ,, H? tr? 4G , 2 Nano SIM , Wi-Fi 802.11 a/b/g/n/ac , Bluetooth v5.0 , GPS  GLONASS  GALILEO  QZSS , Type-C , Có , 5000 mAh , M? khoá vân tay c?nh vi?n  M? khoá khuôn m?t , Nguyên kh?i , Có ,,,, 165.4 x 76.9 x 8.4 mm 
?i?n tho?i Nokia 110 4G ?en,690000,https://www.nguyenkim.com/dien-thoai-nokia-110-4g-den.html,['https://cdn.nguyenkimmall.com/images/detailed/808/10052240-dien-thoai-nokia-110-4g-den-1.jpg'], NOKIA1104GDS , ?en , Nokia , Trung Quô?c , 2021 , 12 Tháng , Nguy?n Kim , Series 30+ , Unisoc T107 , 48 MB , 128 MB , MicroSD  h? tr? t?i ?a 32 GB ,, TFT LCD ," 1.8 "" ", QQVGA (120 x 160) pixels ,, 0.08 MP , Co? ,, H? tr? 4G , 2 Nano SIM ,,,, Micro USB , Có , 1020 mAh ,, Pin r?i , Có , FM không c?n tai nghe ,, ?èn pin  Trò ch?i  Ti?ng Anh v?i Oxford (t? D? li?u g?c)/Internet  ?ài FM (ch? ?? kép có dây & không dây)  Máy nghe nh?c MP3 , 121 x 50 x 14.5 mm 
?i?n tho?i Xiaomi Redmi 12C 4GB/64GB Xanh lá,2890000,https://www.nguyenkim.com/dien-thoai-xiaomi-redmi-12c-4gb-64gb-xanh-la.html,['https://cdn.nguyenkimmall.com/images/detailed/866/10055097-dien-thoai-xiaomi-redmi-12c-4gb-64gb-xanh-la-1.jpg'], REDMI12C(4+64) , Xanh lá , Xiaomi , Trung Qu?c , 3.2023 , 18 Tháng , Nguy?n Kim , Android 13 , MediaTek Helio G85 , 4 GB , 64GB , MicroSD  lên ??n 1TB ,, IPS LCD ," 6.71 "" ", HD+ (1650 × 720) pixels , 5MP , Chính 50MP , Có ,, H? tr? 4G , Nano SIM , Wifi 802.11a/b/g/n/ac , Bluetooth 5.1 , GPS  GLONASS  GALILEO  BEIDOU , Micro USB , Có , 5000mAh , C?m bi?n vân tay  M? khóa khuôn m?t , ?ang c?p nh?t , Có ,,,, 168.8x76.4x8.8 mm 
?i?n tho?i Nokia 5710 Tr?ng,1690000,https://www.nguyenkim.com/dien-thoai-nokia-5710-trang.html,['https://cdn.nguyenkimmall.com/images/detailed/839/10053880-dien-thoai-nokia-5710-trang-1.jpg'], NOKIA5710 , Tr?ng , Nokia , Trung Qu?c , 10/2022 , 12 Tháng , Nguy?n Kim , Series 30+ , Unisoc T107 , 48 MB , 128 MB , MicroSD  H? tr? th? nh? m? r?ng ??n 32 GB ,,," 2.4 "" ",,, Có ,,, H? tr? 2G  3G  4G , 2 Nano SIM ,, Bluetooth 5.0 ,, Micro USB ,, 1450 mAh ,, Pin r?i , H? tr? , FM không c?n tai nghe ,, Tích h?p tai nghe không dây , 138.9 x 57.7 x 16.2 mm 
?i?n tho?i OPPO A57 4GB/128GB Vàng,4090000,https://www.nguyenkim.com/dien-thoai-oppo-a57-4gb-128gb-vang.html,['https://cdn.nguyenkimmall.com/images/detailed/858/10054724-dien-thoai-oppo-a57-4gb-128gb-vang-1.jpg'], CPH2407- A57128GB , Vàng , OPPO , Trung Quô?c , 2022 , 12 Tháng , Nguyê?n Kim , Android 12 (ColorOS 12.1) , MediaTek Helio G35 , 4GB , 128GB , MicroSD  h? tr? t?i ?a 1 TB ,, IPS LCD ," 6.56 "" ", HD+ ( 1612 x 720) pixels , 8MP , 13MP (Chính) +2MP (Xóa phông) ,,, Có , 2 Nano SIM , Wi-Fi 802.11 a/b/g/n/ac , v5.3 , GPS  BDS  GLONASS  Galileo  và QZSS , Type-C , Có , 5000 mAh , M? khóa vân tay  Nh?n di?n khuôn m?t , Nguyên kh?i , Ghi âm m?c ??nh  Ghi âm cu?c g?i ,,,, 164.4 x 75.7 x 8.4 mm 
?i?n tho?i OPPO A77s 8GB/128GB ?en,5790000,https://www.nguyenkim.com/dien-thoai-oppo-a77s-8gb-128gb-den.html,['https://cdn.nguyenkimmall.com/images/detailed/832/10053535-dien-thoai-oppo-a77s-8gb-128gb-den-1.jpg'], A77S (CPH2473) , ?en , OPPO , Trung Quô?c , 10/2022 , 12 Tháng , Nguy?n Kim , Android 12 (ColorOS 12.1) , Qualcomm Snapdragon 680 , 8 GB , 128 GB , Có ,, IPS LCD ," 6.56 "" ", HD+ (1612 x 720) pixels , 8 MP , 50MP  2MP ,,, H? tr? 4G ,, Wi-Fi 802.11 a/b/g/n/ac , Bluetooth 5.0 , Có , Type C , Có , 5000 mAh , C?m bi?n vân tay (c?nh bên) , Nguyên kh?i , Có ,,,, 163.4 x 75.03 x 7.99 mm 
?i?n tho?i Xiaomi Redmi 12C 4GB/64GB Xanh d??ng,2890000,https://www.nguyenkim.com/dien-thoai-xiaomi-redmi-12c-4gb-64gb-xanh-duong.html,['https://cdn.nguyenkimmall.com/images/detailed/866/10055096-dien-thoai-xiaomi-redmi-12c-4gb-64gb-xanh-duong-1.jpg'], REDMI12C(4+64) , Xanh d??ng , Xiaomi , Trung Qu?c , 3.2023 , 18 Tháng , Nguy?n Kim , Android 13 , MediaTek Helio G85 , 4 GB , 64GB , MicroSD  lên ??n 1TB ,, IPS LCD ," 6.71 "" ", HD+ (1650 × 720) pixels , 5MP , Chính 50MP , Có ,, H? tr? 4G , Nano SIM , Wifi 802.11a/b/g/n/ac , Bluetooth 5.1 , GPS  GLONASS  GALILEO  BEIDOU , Micro USB , Có , 5000mAh , C?m bi?n vân tay  M? khóa khuôn m?t , ?ang c?p nh?t , Có ,,,, 168.8x76.4x8.8 mm 
?i?n tho?i OPPO A77s 8GB/128GB Xanh,5790000,https://www.nguyenkim.com/dien-thoai-oppo-a77s-8gb-128gb-xanh.html,['https://cdn.nguyenkimmall.com/images/detailed/832/10053536-dien-thoai-oppo-a77s-8gb-128gb-xanh-1.jpg'], A77S (CPH2473) , Xanh , OPPO , Trung Quô?c , 10/2022 , 12 Tháng , Nguy?n Kim , Android 12 (ColorOS 12.1) , Qualcomm Snapdragon 680 , 8 GB , 128 GB , Có ,, IPS LCD ," 6.56 "" ", HD+ (1612 x 720) pixels , 8 MP , 50MP  2MP ,,, H? tr? 4G ,, Wi-Fi 802.11 a/b/g/n/ac , Bluetooth 5.0 , Có , Type C , Có , 5000 mAh , C?m bi?n vân tay (c?nh bên) , Nguyên kh?i , Có ,,,, 163.4 x 75.03 x 7.99 mm 
?i?n tho?i OPPO A17K 3GB/64GB Xanh,2990000,https://www.nguyenkim.com/dien-thoai-oppo-a17k-3gb-64gb-xanh.html,['https://cdn.nguyenkimmall.com/images/detailed/839/10053838-dien-thoai-oppo-a17k-3gb-64gb-xanh-1.jpg'], A17K (CPH2471) , Xanh , OPPO , Trung Quô?c ,, 12 Tháng , Nguy?n Kim ," 	Android 12 ", Helio G35  t?i ?a 2.3GHz , 3 GB , 64 GB , H? tr? t?i ?a 1 TB ,, LCD  Kính c??ng l?c Panda ," 6.56 "" ", HD+ (720 x 1612) pixels , 5 MP , 8 MP , Có ,,, 2 nano SIM ,, 5.3 ,,, Có , 5000 mAh  s?c 10W , C?m bi?n vân tay (c?nh bên) ,,,,,, 164.2 x 75.6 x 8.3 mm 
?i?n tho?i Xiaomi Redmi 12C 4GB/64GB Xám,2890000,https://www.nguyenkim.com/dien-thoai-xiaomi-redmi-12c-4gb-64gb-xam.html,['https://cdn.nguyenkimmall.com/images/detailed/866/10055188-dien-thoai-xiaomi-redmi-12c-4gb-64gb-xam-1.jpg'], REDMI12C(4+64) , Xám , Xiaomi , Trung Qu?c , 3.2023 , 18 Tháng , Nguy?n Kim , Android 13 , MediaTek Helio G85 , 4 GB , 64GB , MicroSD  lên ??n 1TB ,, IPS LCD ," 6.71 "" ", HD+ (1650 × 720) pixels , 5MP , Chính 50MP , Có ,, H? tr? 4G , Nano SIM , Wifi 802.11a/b/g/n/ac , Bluetooth 5.1 , GPS  GLONASS  GALILEO  BEIDOU , Micro USB , Có , 5000mAh , C?m bi?n vân tay  M? khóa khuôn m?t , ?ang c?p nh?t , Có ,,,, 168.8x76.4x8.8 mm 
?i?n tho?i Samsung Galaxy S23 Ultra 8GB/256GB Kem,25990000,https://www.nguyenkim.com/dien-thoai-samsung-galaxy-s23-ultra-8gb-256gb-kem.html,['https://cdn.nguyenkimmall.com/images/detailed/855/10054735.jpg'], S918 , Kem , Samsung , Vi?t Nam , T2. 2023 , 12 Tháng , Nguy?n Kim , Android 13  One UI 5.1 , Snapdragon® 8 Gen 2 Mobile Platform , 8GB , 256GB ,,, Edge Quad HD+ ," 6.8 "" ", 1440 x 3088 pixels , 12 MP , 200MP  12MP  10MP  10MP (Zoom quang h?c 3x và 10x  Zoom K? thu?t s? lên t?i 100x1) , LED Flash ,,, Nano , 6 GHz  Dual-band (2.4 GHz/5 GHz)  Wi-Fi 802.11 a/b/g/n/ac/ax  Wi-Fi Direct , v5.3 , Có , Type-C ,, 5000mAh , M? khoá khuôn m?t  M? khoá vân tay d??i màn hình , Nguyên kh?i , Ghi âm m?c ??nh  Ghi âm cu?c g?i ,,,, 163.4 x 78.1 x 8.9 mm 
?i?n tho?i Vivo Y02s 3GB/32GB Xanh,2790000,https://www.nguyenkim.com/dien-thoai-vivo-y02s-3gb-32gb-xanh.html,['https://cdn.nguyenkimmall.com/images/detailed/815/10052879-dien-thoai-vivo-y02s-3gb-32gb-xanh-1.jpg'], V2203-Y02S , Xanh , Vivo , Trung Quô?c , 08/2022 , 12 Tháng , Nguy?n Kim , Funtouch OS 12 (Android 12) , MediaTek Helio P35 , 3 GB , 32 GB , Có  MicroSD , C?m ?ng ?i?n dung ?a ?i?m , LCD (IPS) ," 6.51 "" ", HD+ (1600 x 720) pixels , 5 MP , 8 MP , Flash LED ,, 4G FDD-LTE & 4G TDD-LTE , 2 SIM 2 sóng (DSDS) , 2.4GHz/5GHz , Bluetooth 5.0 , GPS  BeiDou  GLONASS  Galileo , USB Type-C , Có , 5000mAh , M? khoá khuôn m?t , Nguyên kh?i , Ghi âm m?c ??nh  Ghi âm cu?c g?i ,,,, 163.95 x 75.55 x 8.19 mm 
?i?n tho?i Samsung Galaxy A23 4GB/128GB ?en,4490000,https://www.nguyenkim.com/dien-thoai-samsung-galaxy-a23-4gb-128gb-den.html,['https://cdn.nguyenkimmall.com/images/detailed/790/10051573-dien-thoai-samsung-galaxy-a23-4gb-128gb-den-1.jpg'], SM-A235F/DS , ?en , Samsung , Vi?t Nam , 2022 , 12 Tháng , Nguy?n Kim , Android , Snapdragon 680 8 nhân , 4GB , 128GB , MicroSD  h? tr? t?i ?a 1 TB ,, LCD ," 6.6 "" ", Full HD+ (1080 x 2408) pixels , 8 MP , 50MP - 5MP - 2MP - 2MP , Có ,, H? tr? 4G , 2 Nano SIM , Wi-Fi 802.11 a/b/g/n/ac , Bluetooth v5.0 , GPS  GLONASS  GALILEO  QZSS , Type-C , Có , 5000 mAh , M? khoá vân tay c?nh vi?n  M? khoá khuôn m?t , Nguyên kh?i , Có ,,,, 165.4 x 76.9 x 8.4 mm 
?i?n tho?i Samsung Galaxy A23 4GB/128GB Cam,4490000,https://www.nguyenkim.com/dien-thoai-samsung-galaxy-a23-4gb-128gb-cam.html,['https://cdn.nguyenkimmall.com/images/detailed/790/10051574-dien-thoai-samsung-galaxy-a23-4gb-128gb-cam-1.jpg'], SM-A235F/DS , Cam , Samsung , Vi?t Nam , 2022 , 12 Tháng , Nguy?n Kim , Android , Snapdragon 680 8 nhân , 4GB , 128GB , MicroSD  h? tr? t?i ?a 1 TB ,, LCD ," 6.6 "" ", Full HD+ (1080 x 2408) pixels , 8 MP , 50MP - 5MP - 2MP - 2MP , Có ,, H? tr? 4G , 2 Nano SIM , Wi-Fi 802.11 a/b/g/n/ac , Bluetooth v5.0 , GPS  GLONASS  GALILEO  QZSS , Type-C , Có , 5000 mAh , M? khoá vân tay c?nh vi?n  M? khoá khuôn m?t , Nguyên kh?i , Có ,,,, 165.4 x 76.9 x 8.4 mm 
?i?n tho?i Samsung Galaxy S23 Ultra 8GB/256GB Xanh l?c,25990000,https://www.nguyenkim.com/dien-thoai-samsung-galaxy-s23-ultra-8gb-256gb-xanh.html,['https://cdn.nguyenkimmall.com/images/detailed/855/10054736.jpg'], S918 , Xanh l?c , Samsung , Vi?t Nam , T2. 2023 , 12 Tháng , Nguy?n Kim , Android 13  One UI 5.1 , Snapdragon® 8 Gen 2 Mobile Platform , 8GB , 256GB ,,, Edge Quad HD+ ," 6.8 "" ", 1440 x 3088 pixels , 12 MP , 200MP  12MP  10MP  10MP (Zoom quang h?c 3x và 10x  Zoom K? thu?t s? lên t?i 100x1) , LED Flash ,,, Nano , 6 GHz  Dual-band (2.4 GHz/5 GHz)  Wi-Fi 802.11 a/b/g/n/ac/ax  Wi-Fi Direct , v5.3 , Có , Type-C ,, 5000mAh , M? khoá khuôn m?t  M? khoá vân tay d??i màn hình , Nguyên kh?i , Ghi âm m?c ??nh  Ghi âm cu?c g?i ,,,, 163.4 x 78.1 x 8.9 mm 
?i?n tho?i Nokia C31 3GB/32GB Xanh thiên thanh,2190000,https://www.nguyenkim.com/dien-thoai-nokia-c31-3gb-32gb-xanh-thien-thanh.html,['https://cdn.nguyenkimmall.com/images/detailed/832/10053532-dien-thoai-nokia-c31-3gb-32gb-xanh-thien-thanh-1.jpg'], NOKIAC31 , Xanh thiên thanh , Nokia , Trung Qu?c , 10/2022 , 12 Tháng , Nguy?n Kim , Android 12 , Unisoc 9863A1 , 3 GB , 32 GB , MicroSD  H? tr? th? nh? t?i ?a 256 GB ,,," 6.7 "" ", HD+ (1600 x 720) pixels , 5 MP , 13 MP  2 MP  2 MP , Có ,, H? tr? 4G ,, WIFI 802.11 b/g/n , Bluetooth 4.2 , GPS/AGPS , Micro USB (USB2.0) , Co? , 5050 mAh , M? khóa b?ng vân tay   M? khóa b?ng khuôn m?t , Nguyên kh?i , H? tr? , Có ,,, 169.2 x 77.98x 8.6 mm 
?i?n tho?i Nokia 8210 4G Xanh,1490000,https://www.nguyenkim.com/dien-thoai-nokia-8210-4g-xanh.html,['https://cdn.nguyenkimmall.com/images/detailed/821/10053218-dien-thoai-nokia-8210-4g-xanh-1.jpg'], NOKIA8210 , Xanh , Nokia , Trung Quô?c , 08/2022 , 12 Tháng , Nguy?n Kim , Series 30+ , Unisoc T107 (22 nm) , 48 MB , 128 MB , MicroSD  h? tr? t?i ?a 32 GB ,,," 2.8 "" ", QVGA (320 x 240) pixels ,, 0.3 MP ,,, Có h? tr? , 2 Nano SIM ,,,, Micro USB (USB 2.0) , Có , 1450 mAh ,, Pin r?i , Có , FM không c?n tai nghe ,,, 131.3 x 56.2 x 13.8 mm 
?i?n tho?i Vivo Y16 4GB/128GB ?en,3890000,https://www.nguyenkim.com/dien-thoai-vivo-y16-4gb-128gb-den.html,['https://cdn.nguyenkimmall.com/images/detailed/828/10053359-dien-thoai-vivo-y16-4gb-128gb-den-1.jpg'], Y16 (V2204) , ?en , Vivo , Trung Quô?c , 2022 , 12 Tháng , Nguy?n Kim , Funtouch OS 12 (Android 12) , MediaTek Helio P35 , 4GB , 128GB , Có  MicroSD , C?m ?ng ?i?n dung ?a ?i?m , IPS LCD ," 6.51 "" ", (HD+) 1600 x 720 pixels , 5MP , 13MP + 2MP , ?èn Flash camera sau , MP4 , H? tr? 4G , 2 SIM 2 sóng (DSDS) , 2.4GHz/5GHz , Bluetooth 5.0 , GPS  BeiDou  GLONASS  Galileo , Type-C , Có , 5000mAh (TYP) , M? khóa b?ng khuôn m?t  M? khóa vân tay c?nh bên , Nguyên kh?i , Có , Có ,,, 163.95 x 75.55 x 8.19 mm 
?i?n tho?i Samsung Galaxy S23 Ultra 8GB/256GB Tím,25990000,https://www.nguyenkim.com/dien-thoai-samsung-galaxy-s23-ultra-8gb-256gb-tim.html,['https://cdn.nguyenkimmall.com/images/detailed/855/10054734-1.jpg'], S918 , Tím , Samsung , Vi?t Nam , T2. 2023 , 12 Tháng , Nguy?n Kim , Android 13  One UI 5.1 , Snapdragon® 8 Gen 2 Mobile Platform , 8GB , 256GB ,,, Edge Quad HD+ ," 6.8 "" ", 1440 x 3088 pixels , 12 MP , Camera Ch?p Góc Siêu R?ng 12MP  Camera Góc R?ng 200 MP  ?ng kính Tele 10.0/10.0MP(Zoom quang h?c 3x và 10x  Zoom K? thu?t s? lên t?i 100x1) , LED Flash ,,, Nano , 6 GHz  Dual-band (2.4 GHz/5 GHz)  Wi-Fi 802.11 a/b/g/n/ac/ax  Wi-Fi Direct , v5.3 , Có , Type-C ,, 5000mAh , M? khoá khuôn m?t  M? khoá vân tay d??i màn hình , Nguyên kh?i , Ghi âm m?c ??nh  Ghi âm cu?c g?i ,,,, 163.4 x 78.1 x 8.9 mm 
?i?n tho?i Samsung S22 Plus 8GB/128GB H?ng,15990000,https://www.nguyenkim.com/dien-thoai-samsung-s22-plus-8gb-128gb-hong.html,['https://cdn.nguyenkimmall.com/images/detailed/787/10051328-1.jpg'], SM-S906E/DS , H?ng , Samsung , Vi?t Nam , 2022 , 12 Tháng , Nguy?n Kim , Android 12 , Qualcomm Snapdragon 8 Gen 1 , 8GB , 128GB ,,, Dynamic AMOLED 2X ," 6.6 "" ", Full HD+ (1080 x 2340) pixels , 10 MP , Chính 50 MP & Ph? 12 MP  10 MP , Có , ??nh d?ng MP4  M4V  3GP  3G2  AVI  FLV  MKV  WEBM ,, SIM 1 + SIM 2 or Embedded SIM , Wi-Fi 802.11 a/b/g/n/ac/ax , v5.2 , GPS  Glonass  Beidou  Galileo  QZSS , Type-C ,, 4.500 mAh , M? khoá vân tay d??i màn hình  M? khoá khuôn m?t , Nguyên kh?i , Ghi âm m?c ??nh  Ghi âm cu?c g?i ,,,, 157.4 x 75.8 x 7.6 mm 
?i?n tho?i Nokia 5710 ?en,1690000,https://www.nguyenkim.com/dien-thoai-nokia-5710-den.html,['https://cdn.nguyenkimmall.com/images/detailed/839/10053881-dien-thoai-nokia-5710-den-1.jpg'], NOKIA5710 , ?en , Nokia , Trung Qu?c , 10/2022 , 12 Tháng , Nguy?n Kim , Series 30+ , Unisoc T107 , 48 MB , 128 MB , MicroSD  H? tr? th? nh? m? r?ng ??n 32 GB ,,," 2.4 "" ",,, Có ,,, H? tr? 2G  3G  4G , 2 Nano SIM ,, Bluetooth 5.0 ,, Micro USB ,, 1450 mAh ,, Pin r?i , H? tr? , FM không c?n tai nghe ,, Tích h?p tai nghe không dây , 138.9 x 57.7 x 16.2 mm 
?i?n tho?i Nokia 110 4G Xanh,690000,https://www.nguyenkim.com/dien-thoai-nokia-110-4g-xanh.html,['https://cdn.nguyenkimmall.com/images/detailed/808/10052239-dien-thoai-nokia-110-4g-xanh-1.jpg'], NOKIA1104GDS , Xanh , Nokia , Trung Quô?c , 2021 , 12 Tháng , Nguy?n Kim , Series 30+ , Unisoc T107 , 48 MB , 128 MB , MicroSD  h? tr? t?i ?a 32 GB ,, TFT LCD ," 1.8 "" ", QQVGA (120 x 160) pixels ,, 0.08 MP , Co? ,, H? tr? 4G , 2 Nano SIM ,,,, Micro USB , Có , 1020 mAh ,, Pin r?i , Có , FM không c?n tai nghe ,, ?èn pin  Trò ch?i  Ti?ng Anh v?i Oxford (t? D? li?u g?c)/Internet  ?ài FM (ch? ?? kép có dây & không dây)  Máy nghe nh?c MP3 , 121 x 50 x 14.5 mm 
?i?n tho?i iPhone 14 Pro Max 128GB Tím,26990000,https://www.nguyenkim.com/dien-thoai-iphone-14-pro-max-128gb-tim.html,['https://cdn.nguyenkimmall.com/images/detailed/824/tim_qs5a-lo.jpg'], iPhone 14 Pro Max 128GB , Tím , iPhone , Trung Qu?c , 9/2022 , 12 Tháng , Nguy?n Kim , iOS 16 , Apple A16 Bionic 6 nhân , 6 GB , 128 GB ,, C?m ?ng ?i?n dung ?a ?i?m , OLED ," 6.7 "" ", 1290 x 2796 pixels , 12MP , Chính 48 MP  Ph? 12 MP - 12 MP , Có ,,, 1 Nano SIM & 1 eSIM , Wi-Fi 802.11 a/b/g/n/ac/ax  Wi-Fi hotspot  Wi-Fi MIMO , v5.3 , BEIDOU  GALILEO  GLONASS  GPS  QZSS , Lightning ,, 29 gi? , M? khoá khuôn m?t Face ID , Nguyên kh?i , Ghi âm m?c ??nh ,,, S?c không dây MagSafe  Ch?m 2 l?n sáng màn hình  Màn hình luôn hi?n th? AOD  Phát hi?n va ch?m (Crash Detection)  Apple Pay , 160.7 x 77.6 x 7.85 mm 
?i?n tho?i Vivo Y02s 3GB/32GB ?en,2790000,https://www.nguyenkim.com/dien-thoai-vivo-y02s-3gb-32gb-den.html,['https://cdn.nguyenkimmall.com/images/detailed/815/10052880-dien-thoai-vivo-y02s-3gb-32gb-den-1.jpg'], V2203-Y02S , ?en , Vivo , Trung Quô?c , 08/2022 , 12 Tháng , Nguy?n Kim , Funtouch OS 12 (Android 12) , MediaTek Helio P35 , 3 GB , 32 GB , Có  MicroSD , C?m ?ng ?i?n dung ?a ?i?m , LCD (IPS) ," 6.51 "" ", HD+ (1600 x 720) pixels , 5 MP , 8 MP , Flash LED ,, 4G FDD-LTE & 4G TDD-LTE , 2 SIM 2 sóng (DSDS) , 2.4GHz/5GHz , Bluetooth 5.0 , GPS  BeiDou  GLONASS  Galileo , USB Type-C , Có , 5000mAh , M? khoá khuôn m?t , Nguyên kh?i , Ghi âm m?c ??nh  Ghi âm cu?c g?i ,,,, 163.95 x 75.55 x 8.19 mm 
?i?n tho?i Xiaomi Redmi A1 2GB/32GB Xanh d??ng,1890000,https://www.nguyenkim.com/dien-thoai-xiaomi-redmi-a1-2gb-32gb-xanh-duong.html,['https://cdn.nguyenkimmall.com/images/detailed/847/10053969-dien-thoai-xiaomi-redmi-a1-2gb-32gb-xanh-duong-1.jpg'], REDMIA1 , Xanh d??ng , Xiaomi , Trung Quô?c , Tháng 9/2022 , 18 Tháng , Nguyê?n Kim , Android 12 (Go edition)  MIUI 12 , Mediatek MT6761 Helio A22 (12 nm) , 2GB , 32GB , MicroSD  h? tr? t?i ?a 1 TB ,, IPS LCD ," 6.52 "" ", HD+ (720 x 1600) pixels , 5 MP , 8 MP  0.08 MP (QVGA) , Dual-LED flash  HDR , 1080p@30fps , Co? , Nano , Wi-Fi 802.11 a/b/g/n  Wi-Fi Direct  Wi-Fi hotspot , v5.0 , GPS  GLONASS  BEIDOU , Micro USB , Có , 5000 mAh ,, Nguyên kh?i , H? tr? ?ng d?ng ghi âm , Có ,,, 164.9 x76.8 x 9.1 mm 
?i?n tho?i Vivo Y22s 8GB/128GB Xanh ?en,4990000,https://www.nguyenkim.com/dien-thoai-vivo-y22s-8gb-128gb-xanh-den.html,['https://cdn.nguyenkimmall.com/images/detailed/821/10053057-dien-thoai-vivo-y22s-8gb-128gb-xanh-den-1.jpg'], Y22s (V2206) , Xanh ?en , Vivo , Trung Quô?c , 2022 , 12 Tháng , Nguy?n Kim , Android 12 (Funtouch OS 12) , Qualcomm Snapdragon 680 , 8 GB , 128 GB , MicroSD  h? tr? t?i ?a 1 TB , C?m ?ng ?i?n dung ?a ?i?m , IPS LCD ," 6.55 "" ", HD+ (720 x 1612) pixels , 8 MP ( f/2.0) , 50 MP ( f/1.8) + 2 MP ( f/2.4) , ?èn Flash camera sau ,, 4G FDD-LTE & 4G TDD-LTE ,, 2.4GHz /5GHz , Bluetooth 5.0 , GPS  BEIDOU  GLONASS  GALILEO  QZSS , USB Type-C , Có , 5000mAh (TYP) , M? khoá vân tay c?nh vi?n - Nh?n di?n khuôn m?t , Nguyên kh?i , Có , Có ,, Ch?p ?êm  Live Photo  Quay chuy?n ??ng ch?m  Quay tua nhanh th?i gian  Ch? ?? chuyên nghi?p , 164.30 × 76.10 × 8.38 mm 
?i?n tho?i Realme C55 6GB/128GB Vàng n?ng mai,4090000,https://www.nguyenkim.com/dien-thoai-realme-c55-6gb-128gb-vang.html,['https://cdn.nguyenkimmall.com/images/detailed/863/10055209-dien-thoai-realme-c55-6gb-128gb-vang-1.jpg'], RMX3710 , Vàng n?ng mai , Realme , Trung Qu?c , Tháng 3/2023 , 12 Tháng , Nguy?n Kim , Android 13  Realme UI 4.0 , MediaTek Helio G88 , 6 GB , 128 GB , MicroSD  h? tr? t?i ?a 1 TB ,, IPS LCD ," 6.72 "" ", Full HD+ (1080 x 2400) pixels , 8MP , Chính 64MP  Ph? 2MP , Có , 1080P/60fps , Có , 2 Nano SIM , 2.4/5GHz , Bluetooth 5.2 , GPS / GLONASS / GALILEO / Beidou , Type-C , Có , 5000mAh , M? khoá vân tay c?nh vi?n , Nguyên kh?i , Có ,,,, 165.6 x 75.9 x 7.89 mm 
?i?n tho?i OPPO A76 6GB/128GB Xanh,4690000,https://www.nguyenkim.com/dien-thoai-oppo-a76-6gb-128gb-xanh.html,['https://cdn.nguyenkimmall.com/images/detailed/785/10051457-dien-thoai-oppo-a76-6gb-128gb-xanh-1.jpg'], CPH2375 - A76 , Xanh , OPPO , Trung Qu?c , 02/2022 , 12 Tháng , Nguy?n Kim , ColorOS 11.1  n?n t?ng Android 11 , Qualcomm Snapdragon 680  t?i ?a 2.4GHz , 6GB , 128GB , MicroSD  h? tr? t?i ?a 1 TB ,, Màn hình ch?m O  LCD  Kính c??ng l?c AGC DT-Pro  16 tri?u màu ," 6.56 "" ", (HD+) 720 x 1612 pixels , 8 MP , 13 MP (chính) + 2 MP (??n s?c) , ?èn flash sau ,, H? tr? 4G ,, 2.4G/5G  802.11 a/b/g/n/ac , v5.0 , Có , Type-C , Có , 5000mAh (TYP) , C?m bi?n vân tay c?nh bên , Nguyên kh?i , Có ,,,, 164.4 x 75.7 x 8.4 mm 
?i?n tho?i Nokia C31 3GB/32GB Xanh thiên hà,2190000,https://www.nguyenkim.com/dien-thoai-nokia-c31-3gb-32gb-xanh-thien-ha.html,['https://cdn.nguyenkimmall.com/images/detailed/832/10053531-dien-thoai-nokia-c31-3gb-32gb-xanh-thien-ha-1.jpg'], NOKIAC31 , Xanh thiên hà , Nokia , Trung Qu?c , 10/2022 , 12 Tháng , Nguy?n Kim , Android 12 , Unisoc 9863A1 , 3 GB , 32 GB , MicroSD  H? tr? th? nh? t?i ?a 256 GB ,,," 6.7 "" ", HD+ (1600 x 720) pixels , 5 MP , 13 MP  2 MP  2 MP , Có ,, H? tr? 4G ,, WIFI 802.11 b/g/n , Bluetooth 4.2 , GPS/AGPS , Micro USB (USB2.0) , Co? , 5050 mAh , M? khóa b?ng vân tay   M? khóa b?ng khuôn m?t , Nguyên kh?i , H? tr? , Có ,,, 169.2 x 77.98x 8.6 mm 
?i?n tho?i Vivo Y16 4GB/128GB Vàng,3890000,https://www.nguyenkim.com/dien-thoai-vivo-y16-4gb-128gb-vang.html,['https://cdn.nguyenkimmall.com/images/detailed/828/10053358-dien-thoai-vivo-y16-4gb-128gb-vang-1.jpg'], Y16 (V2204) , Vàng , Vivo , Trung Quô?c , 2022 , 12 Tháng , Nguy?n Kim , Funtouch OS 12 (Android 12) , MediaTek Helio P35 , 4GB , 128GB , Có  MicroSD , C?m ?ng ?i?n dung ?a ?i?m , IPS LCD ," 6.51 "" ", (HD+) 1600 x 720 pixels , 5MP , 13MP + 2MP , ?èn Flash camera sau , MP4 , H? tr? 4G , 2 SIM 2 sóng (DSDS) , 2.4GHz/5GHz , Bluetooth 5.0 , GPS  BeiDou  GLONASS  Galileo , Type-C , Có , 5000mAh (TYP) , M? khóa b?ng khuôn m?t  M? khóa vân tay c?nh bên , Nguyên kh?i , Có , Có ,,, 163.95 x 75.55 x 8.19 mm 
?i?n tho?i Xiaomi Redmi A1 2GB/32GB ?en,1890000,https://www.nguyenkim.com/dien-thoai-xiaomi-redmi-a1-2gb-32gb-den.html,['https://cdn.nguyenkimmall.com/images/detailed/847/10053968-dien-thoai-xiaomi-redmi-a1-2gb-32gb-den-1.jpg'], REDMIA1 , ?en , Xiaomi , Trung Quô?c , Tháng 9/2022 , 18 Tháng , Nguyê?n Kim , Android 12 (Go edition)  MIUI 12 , Mediatek MT6761 Helio A22 (12 nm) , 2GB , 32GB , MicroSD  h? tr? t?i ?a 1 TB ,, IPS LCD ," 6.52 "" ", HD+ (720 x 1600) pixels , 5 MP , 8 MP  0.08 MP (QVGA) , Dual-LED flash  HDR , 1080p@30fps , Co? , Nano , Wi-Fi 802.11 a/b/g/n  Wi-Fi Direct  Wi-Fi hotspot , v5.0 , GPS  GLONASS  BEIDOU , Micro USB , Có , 5000 mAh ,, Nguyên kh?i , H? tr? ?ng d?ng ghi âm , Có ,,, 164.9 x76.8 x 9.1 mm 
?i?n tho?i Nokia C21 Plus 2GB/64GB Xám Ánh Kim,1790000,https://www.nguyenkim.com/dien-thoai-nokia-c21-plus-2gb-64gb-xam-anh-kim.html,['https://cdn.nguyenkimmall.com/images/detailed/803/10052223-dien-thoai-nokia-c21-plus-2gb-64gb-xam-anh-kim-1.jpg'], NOKIAC21PLUS2/64 , Xám Ánh Kim , Nokia , Trung Quô?c , 2022 , 12 Tháng , Nguy?n Kim , Android 11 (Go Edition) , Unisoc SC9863A , 2 GB , 64 GB ,,, TFT LCD ," 6.5 "" ", HD+ (720 x 1600) pixels , 5 MP , 13 MP + 2 MP , Có ,, H? tr? 4G , 2 Nano SIM + 1 Micro SD , WIFI 802.11 b/g/n , Bluetooth® 4.2 , GPS/AGPS , USB Micro (USB 2.0) , Có , 5050 mAh | Pin li?n , M? khóa b?ng vân tay  M? khóa b?ng khuôn m?t , Nguyên kh?i ,,,,, 164.8 x 75.9 x 8.55 mm 
?i?n tho?i Nokia C21 Plus 2GB/64GB Xám Ánh Kim,1790000,https://www.nguyenkim.com/dien-thoai-nokia-c21-plus-2gb-64gb-xam-anh-kim.html,['https://cdn.nguyenkimmall.com/images/detailed/803/10052223-dien-thoai-nokia-c21-plus-2gb-64gb-xam-anh-kim-1.jpg'], NOKIAC21PLUS2/64 , Xám Ánh Kim , Nokia , Trung Quô?c , 2022 , 12 Tháng , Nguy?n Kim , Android 11 (Go Edition) , Unisoc SC9863A , 2 GB , 64 GB ,,, TFT LCD ," 6.5 "" ", HD+ (720 x 1600) pixels , 5 MP , 13 MP + 2 MP , Có ,, H? tr? 4G , 2 Nano SIM + 1 Micro SD , WIFI 802.11 b/g/n , Bluetooth® 4.2 , GPS/AGPS , USB Micro (USB 2.0) , Có , 5050 mAh | Pin li?n , M? khóa b?ng vân tay  M? khóa b?ng khuôn m?t , Nguyên kh?i ,,,,, 164.8 x 75.9 x 8.55 mm 
?i?n tho?i Vivo Y22s 8GB/128GB Xanh vàng,4990000,https://www.nguyenkim.com/dien-thoai-vivo-y22s-8gb-128gb-xanh-vang.html,['https://cdn.nguyenkimmall.com/images/detailed/821/10053118-dien-thoai-vivo-y22s-8gb-128gb-xanh-vang-1.jpg'], Y22s (V2206) , Xanh vàng , Vivo , Trung Quô?c , 2022 , 12 Tháng , Nguy?n Kim , Android 12 (Funtouch OS 12) , Qualcomm Snapdragon 680 , 8 GB , 128 GB , MicroSD  h? tr? t?i ?a 1 TB , C?m ?ng ?i?n dung ?a ?i?m , IPS LCD ," 6.55 "" ", HD+ (720 x 1612) pixels , 8 MP ( f/2.0) , 50 MP ( f/1.8) + 2 MP ( f/2.4) , ?èn Flash camera sau ,, 4G FDD-LTE & 4G TDD-LTE ,, 2.4GHz /5GHz , Bluetooth 5.0 , GPS  BEIDOU  GLONASS  GALILEO  QZSS , USB Type-C , Có , 5000mAh (TYP) , M? khoá vân tay c?nh vi?n - Nh?n di?n khuôn m?t , Nguyên kh?i , Có ,,, Ch?p ?êm  Live Photo  Quay chuy?n ??ng ch?m  Quay tua nhanh th?i gian  Ch? ?? chuyên nghi?p , 164.30 × 76.10 × 8.38 mm 
?i?n tho?i OPPO A57 4GB/128GB ?en,4090000,https://www.nguyenkim.com/dien-thoai-oppo-a57-4gb-128gb-den.html,['https://cdn.nguyenkimmall.com/images/detailed/857/10054723-dien-thoai-oppo-a57-4gb-128gb-den-1.jpg'], CPH2407- A57128GB , ?en , OPPO , Trung Quô?c , 2022 , 12 Tháng , Nguyê?n Kim , Android 12 (ColorOS 12.1) , MediaTek Helio G35 , 4GB , 128GB , MicroSD  h? tr? t?i ?a 1 TB ,, IPS LCD ," 6.56 "" ", HD+ ( 1612 x 720) pixels , 8MP , 13MP (Chính) +2MP (Xóa phông) ,,, Có , 2 Nano SIM , Wi-Fi 802.11 a/b/g/n/ac , v5.3 , GPS  BDS  GLONASS  Galileo  và QZSS , Type-C , Có , 5000 mAh , M? khóa vân tay  Nh?n di?n khuôn m?t , Nguyên kh?i , Ghi âm m?c ??nh  Ghi âm cu?c g?i ,,,, 164.4 x 75.7 x 8.4 mm 
?i?n tho?i Vivo Y35 8GB/128GB Vàng,5790000,https://www.nguyenkim.com/dien-thoai-vivo-y35-8gb-128gb-vang.html,['https://cdn.nguyenkimmall.com/images/detailed/839/10053888-dien-thoai-vivo-y35-8gb-128gb-vang-1.jpg'], Y35 (V2205) , Vàng , Vivo , Trung Quô?c , 2022 , 12 Tháng , Nguy?n Kim , Android 12 , Qualcomm Snapdragon 680 , 8 GB , 128 GB , MicroSD  h? tr? t?i ?a 1 TB ,, LCD ," 6.58 "" ", FHD+ (2408 x 1080) pixels , 16 MP , 50MP  2MP  2MP , ?èn LED kép ,, H? tr? 4G , 2 Nano SIM , 2.4GHz /5GHz , Bluetooth 5.0 , GPS  BEIDOU  GLONASS  GALILEO  QZSS , Type-C , Có , 5000mAh , M? khoá vân tay c?nh bên và Nh?n di?n khuôn m?t , Nguyên kh?i , Có , Có ,,, 164.3 x 76.1 x 8.28 mm 
?i?n tho?i OPPO Reno8 T 8GB/256GB Cam,7790000,https://www.nguyenkim.com/dien-thoai-oppo-reno8-t-8gb-256gb-cam.html,['https://cdn.nguyenkimmall.com/images/detailed/857/10054707-dien-thoai-oppo-reno8-t-8gb-128gb-cam-1.jpg'], RENO8T (CPH2481) , Cam , OPPO , Trung Qu?c , T2. 2023 , 12 Tháng , Nguy?n Kim , Android 13 , MediaTek Helio G99 , 8GB , 256 GB , Có  MicroSD ,, AMOLED ," 6.4 "" ", Full HD+ (1080 x 2400) pixels , 32 MP , 100MP  2MP  2MP , LED Flash ,, H? tr? 4G , Nano , Dual-band (2.4 GHz/5 GHz)  Wi-Fi 802.11 a/b/g/n/ac  Wi-Fi hotspot , v5.3 , GPS  GALILEO  BEIDOU  GALILEO  QZSS , Type-C , Có , 5000mAh , M? khoá khuôn m?t  M? khoá vân tay d??i màn hình , Nguyên kh?i , Ghi âm m?c ??nh  Ghi âm cu?c g?i ,,,, 160.8 x 73.84 x 7.85 mm 
?i?n tho?i Xiaomi Redmi Note 12S 8GB/256GB Xanh lá,6690000,https://www.nguyenkim.com/dien-thoai-xiaomi-redmi-note-12s-8gb-256gb-xanh-la.html,['https://cdn.nguyenkimmall.com/images/detailed/881/10055600-dien-thoai-xiaomi-redmi-note-12s-8gb-256gb-xanh-la-1.jpg'], REDMINOTE12S(8+256) , Xanh lá , Xiaomi , Trung Qu?c , 6.2023 , 18 Tháng , Nguy?n Kim , MIUI 14  n?n t?ng Android 13 , MediaTek Helio G96 , 8 GB , 256 GB , MicroSD ,, AMOLED ," 6.43 "" ", Full HD+ (1080 x 2400) pixels , 16MP , 3 camera AI 108MP+8MP+2MP ,,, H? tr? 4G , 2 SIM + MicroSD , Wifi 2.4GHz  5GHz , 5.1 , Có , Type-C , Có , 5000 mAh , M? khóa vân tay c?nh vi?n  M? khóa g??ng m?t AI ,,,,,, 159.87 x 73.87 x 8.09 mm 
?i?n tho?i iPhone 14 Pro 128GB Vàng,24890000,https://www.nguyenkim.com/dien-thoai-iphone-14-pro-128gb-vang.html,['https://cdn.nguyenkimmall.com/images/detailed/824/vang.jpg'],, Vàng , iPhone ,, 2022 , 12 Tháng , Nguy?n Kim , iOS 16 , Apple A16 Bionic ,, 128GB ,,, OLED ," 6.1 "" ", 1179 x 2556 pixels , 12MP , Chính 48 MP  Ph? 12 MP - 12 MP ,,, H? tr? 5G ,,,,,,,,,,,,,, 147.5 x 71.5 x 7.85 mm 
?i?n tho?i iPhone 11 64GB ?en,10390000,https://www.nguyenkim.com/dien-thoai-iphone-11-64gb-den-vi-3.html,['https://cdn.nguyenkimmall.com/images/detailed/776/10050983-dien-thoai-iphone-11-64gb-den-1.jpg'], IPHONE1164GB , ?en , iPhone , Trung Qu?c , 2019 , 12 Tháng , Nguy?n Kim , iOS 13 , Apple A13 Bionic , 4 GB , 64 GB ,,, IPS LCD ," 6.1 "" ", 828 x 1792 pixels , 12 MP , 12 MP - 12 MP , Có , 4K t?c ?? 24 fps  30 fps  ho?c 60 fps , H? tr? 4G , 1 Nano SIM & 1 eSIM , Wi-Fi 802.11 a/b/g/n/ac/ax , v5.0 , GPS  BeiDou  GLONASS , Lightning ,, 3110 mAh , M? khoá khuôn m?t Face ID , Nguyên kh?i , Ghi âm có microphone chuyên d?ng ch?ng ?n ,,,, 150.9 x 75.7x 8.3 mm 
?i?n tho?i Samsung S22 Plus 8GB/128GB ?en,15990000,https://www.nguyenkim.com/dien-thoai-samsung-s22-plus-8gb-128gb-den.html,['https://cdn.nguyenkimmall.com/images/detailed/786/10051330-01.jpg'], SM-S906E/DS , ?en , Samsung , Vi?t Nam , 2022 , 12 Tháng , Nguy?n Kim , Android 12 , Qualcomm Snapdragon 8 Gen 1 , 8GB , 128GB ,,, Dynamic AMOLED 2X ," 6.6 "" ", Full HD+ (1080 x 2340) pixels , 10 MP , Chính 50 MP & Ph? 12 MP  10 MP , Có , ??nh d?ng MP4  M4V  3GP  3G2  AVI  FLV  MKV  WEBM ,, SIM 1 + SIM 2 or Embedded SIM , Wi-Fi 802.11 a/b/g/n/ac/ax , v5.2 , GPS  Glonass  Beidou  Galileo  QZSS , Type-C ,, 4.500 mAh , M? khoá vân tay d??i màn hình  M? khoá khuôn m?t , Nguyên kh?i , Ghi âm m?c ??nh  Ghi âm cu?c g?i ,,,, 157.4 x 75.8 x 7.6 mm 
?i?n tho?i OPPO Reno8 T 5G 8GB/128GB Vàng ??ng,8790000,https://www.nguyenkim.com/dien-thoai-oppo-reno8-t-5g-8gb-128gb-vang-dong.html,['https://cdn.nguyenkimmall.com/images/detailed/857/10054760-dien-thoai-oppo-reno8-t-5g-8gb-128gb-vang-dong-1.jpg'], RENO8T5G128GB (CPH2505) , Vàng ??ng , OPPO , Trung Qu?c , T2. 2023 , 12 Tháng , Nguy?n Kim , Android 13 , Qualcomm SM6375 Snapdragon 695 5G (6 nm) , 8GB , 128GB , Có  MicroSD ,, OLED ," 6.7 "" ", Full HD+ (1080 x 2400) pixels , 32 MP , 108MP  2MP  2MP , LED Flash ,,, Nano , Dual-band (2.4 GHz/5 GHz)  Wi-Fi 802.11 a/b/g/n/ac  Wi-Fi hotspot , v5.1 , GPS  GALILEO  BEIDOU  GALILEO  QZSS , Type-C , Không , 4800mAh , M? khoá khuôn m?t  M? khoá vân tay d??i màn hình , Nguyên kh?i , Ghi âm m?c ??nh  Ghi âm cu?c g?i ,,,, 162.3 x 74.3 x 7.7 mm 
?i?n tho?i Samsung S22 8GB/128GB H?ng,13490000,https://www.nguyenkim.com/dien-thoai-samsung-s22-8gb-128gb-hong.html,['https://cdn.nguyenkimmall.com/images/detailed/786/10051319-01.jpg'], SM-S901E/DS , H?ng , Samsung , Vi?t Nam , 2022 , 12 Tháng , Nguy?n Kim , Android , Qualcomm Snapdragon 8 Gen 1 , 8GB , 128GB ,,, Dynamic AMOLED 2X ," 6.1 "" ", 1080 x 2340 pixels , 10 MP , Chính 50 MP & Ph? 12 MP  10 MP , Có ,,, SIM 1 + SIM 2 or Embedded SIM , 802.11 a/b/g/n/ac/ax 2.4G+5GHz  HE80  MIMO  1024-QAM , v5.2 , GPS  Glonass  Beidou  Galileo  QZSS , Type-C ,, 3.700 mAh , M? khóa vân tay , Nguyên kh?i , Ghi âm m?c ??nh  Ghi âm cu?c g?i , Có ,,, 146 x 70.6 x 7.6 mm 
?i?n tho?i iPhone 14 Pro Max 128GB Vàng,26790000,https://www.nguyenkim.com/dien-thoai-iphone-14-pro-max-128gb-vang.html,['https://cdn.nguyenkimmall.com/images/detailed/824/2.jpg'], iPhone 14 Pro Max 128GB , Vàng , iPhone , Trung Qu?c , 2022 , 12 Tháng , Nguy?n Kim , iOS 16 , Apple A16 Bionic , 6GB , 128GB ,, C?m ?ng ?i?n dung ?a ?i?m , OLED ," 6.7 "" ", 1290 x 2796 pixels , 12MP , Chính 48 MP  Ph? 12 MP - 12 MP , Có ,,, 1 Nano SIM & 1 eSIM , Wi-Fi 802.11 a/b/g/n/ac/ax  Wi-Fi hotspot  Wi-Fi MIMO , v5.3 , BEIDOU  GALILEO  GLONASS  GPS  QZSS , Lightning ,, 29 gi? , M? khoá khuôn m?t Face ID , Nguyên kh?i , Ghi âm m?c ??nh ,,, S?c không dây MagSafe  Ch?m 2 l?n sáng màn hình  Màn hình luôn hi?n th? AOD  Phát hi?n va ch?m (Crash Detection)  Apple Pay , 160.7 x 77.6 x 7.85 mm 
?i?n tho?i OPPO Reno8 T 5G 8GB/128GB ?en,8790000,https://www.nguyenkim.com/dien-thoai-oppo-reno8-t-5g-8gb-128gb-den.html,['https://cdn.nguyenkimmall.com/images/detailed/857/10054759-dien-thoai-oppo-reno8-t-5g-8gb-128gb-den-1.jpg'], RENO8T5G128GB (CPH2505) , ?en , OPPO , Trung Qu?c , T2. 2023 , 12 Tháng , Nguy?n Kim , Android 13 , Qualcomm SM6375 Snapdragon 695 5G (6 nm) , 8GB , 128GB , Có  MicroSD ,, OLED ," 6.7 "" ", Full HD+ (1080 x 2400) pixels , 32 MP , 108MP  2MP  2MP , LED Flash ,,, Nano , Dual-band (2.4 GHz/5 GHz)  Wi-Fi 802.11 a/b/g/n/ac  Wi-Fi hotspot , v5.1 , GPS  GALILEO  BEIDOU  GALILEO  QZSS , Type-C , Không , 4800mAh , M? khoá khuôn m?t  M? khoá vân tay d??i màn hình , Nguyên kh?i , Ghi âm m?c ??nh  Ghi âm cu?c g?i ,,,, 162.3 x 74.3 x 7.7 mm 
?i?n tho?i Xiaomi Redmi Note 12S 8GB/256GB ?en,6690000,https://www.nguyenkim.com/dien-thoai-xiaomi-redmi-note-12s-8gb-256gb-den.html,['https://cdn.nguyenkimmall.com/images/detailed/881/10055602-dien-thoai-xiaomi-redmi-note-12s-8gb-256gb-den-1.jpg'], REDMINOTE12S(8+256) , ?en , Xiaomi , Trung Qu?c , 6.2023 , 18 Tháng , Nguy?n Kim , MIUI 14  n?n t?ng Android 13 , MediaTek Helio G96 , 8 GB , 256 GB , MicroSD ,, AMOLED ," 6.43 "" ", Full HD+ (1080 x 2400) pixels , 16MP , 3 camera AI 108MP+8MP+2MP ,,, H? tr? 4G , 2 SIM + MicroSD , Wifi 2.4GHz  5GHz , 5.1 , Có , Type-C , Có , 5000 mAh , M? khóa vân tay c?nh vi?n  M? khóa g??ng m?t AI ,,,,,, 159.87 x 73.87 x 8.09 mm 
?i?n tho?i Samsung Galaxy Z Flip 4 5G 128GB Vàng,16490000,https://www.nguyenkim.com/dien-thoai-samsung-galaxy-z-flip-4-5g-128gb-vang.html,['https://cdn.nguyenkimmall.com/images/detailed/816/10052917-1.jpg'], F721 , Vàng , Samsung , Vi?t Nam , 2022 , 12 Tháng , Nguy?n Kim , Android 12 , Snapdragon® 8+ Gen 1 , 8 GB , 128 GB ,, Màn hình chính Ultra Thin Glass - Màn hình ph? và m?t l?ng Gorilla Glass Victus+ , Chính Dynamic AMOLED 2X  Ph? Super AMOLED ," Màn hình chính 6.7"" - Màn hình ph? 1.9 "" ", Màn hình chính (FHD+) 2640 x 1080 pixels - Màn hình ph? 260 x 512 pixels , 10 MP , 12 MP + 12 MP , Có , UHD 4K (3840 x 2160)@60fps ,, SIM Kép , 802.11 a/b/g/n/ac/ax 2.4G+5GHz+6GHz  HE160  MIMO  1024-QAM , Bluetooth v5.2 , GPS Glonass Beidou Galileo QZSS , Type-C ,, 3700 mAh , M? khoá vân tay c?nh vi?n  M? khoá khuôn m?t , Nguyên kh?i - Màn hình g?p , Có ,,, Tính n?ng ch?p ?êm Nightography - M?t Th?n Bóng ?êm  Ch? ?? FlexCam  Zoom k? thu?t s? 10x  ch?p hình xóa phông. ?a c?a s? (chia ?ôi màn hình)  Âm thanh Dolby Atmos  T?i ?u game (Game Booster)  Thu nh? màn hình s? d?ng m?t tay  Tr? lý ?o Samsung Bixby  Sam , Khi m? 165.2 x 71.9 x 6.9 mm - Khi g?p 84.9 x 71.9 x 15.9-17.1 mm 
?i?n tho?i Oppo A16 3GB/32GB ?en,2990000,https://www.nguyenkim.com/dien-thoai-oppo-a16-3gb-32gb-den.html,['https://cdn.nguyenkimmall.com/images/detailed/813/10051907-dien-thoai-oppo-a16-3gb-32gb-den-1.jpg'], OPPOA16 , ?en , OPPO , Trung Quô?c , 10/2021 , 12 Tháng , Nguy?n Kim , ColorOS 11.1  n?n t?ng Android 11 , MediaTek Helio G35  t?i ?a 2.3GHz , 3 GB , 32 GB , MicroSD  h? tr? t?i ?a 256 GB ,, IPS LCD ," 6.52 "" ", HD+ (720 x 1600) pixels , 8 MP , 13 MP (chính) + 2 MP (mono) + 2 MP (marco) , Có ,, H? tr? 4G , 2 Nano SIM , Wi-Fi 2.4 GHz  Wi-Fi 5 GHz  Wi-Fi Display , Bluetooth 5.0 , GNSS D?a trên GPS  A-GPS  BeiDou  GLONASS  GALILEO và QZSS  các ph?n m?m ??nh v? , Type C , Có , 5000 mAh , M? Khóa Vân Tay C?nh Bên  Nh?n D?ng Khuôn M?t , Nguyên kh?i ,,,,, 163.8 x 75.6 x 8.4 mm 
?i?n tho?i OPPO A16K 3GB/32GB ?en,2590000,https://www.nguyenkim.com/dien-thoai-oppo-a16k-3gb-32gb-den.html,['https://cdn.nguyenkimmall.com/images/detailed/841/10052466-dien-thoai-oppo-a16k-3gb-32gb-den.jpg'], A16K (CPH2349) , ?en Bí ?n , OPPO , Trung Qu?c , 2021 , 12 Tháng , Nguy?n Kim , ColorOS 11  n?n t?ng Android 11 , Helio G35 8 nhân  t?i ?a 2.3GHz , 3GB , 32GB , H? tr? th? nh? t?i ?a 1TB ,, LCD  Corning Gorilla Glass 3  màn hình gi?t n??c  16 tri?u màu ," 6.52 "" ", (HD+) 720 x 1600 pixels , 5 MP , 13 MP , ?èn flash sau ,, H? tr? 4G , Dual nano-SIM + 1 khe th? nh? , Wi-Fi 802.11 a/b/g/n/ac , 5.0 , Có , Micro USB , Có , 4230mAh (Typ) , M? khoá khuôn m?t , Nguyên kh?i , Ghi âm m?c ??nh , Có ,,, 164 x 75.4 x 7.85 mm 
?i?n tho?i Realme C55 8GB/256GB Vàng n?ng mai,4890000,https://www.nguyenkim.com/dien-thoai-realme-c55-8gb-256gb-vang.html,['https://cdn.nguyenkimmall.com/images/detailed/863/10055211-dien-thoai-realme-c55-8gb-256gb-vang-1.jpg'], RMX3710 , Vàng n?ng mai , Realme , Trung Qu?c , Tháng 3/2023 , 12 Tháng , Nguy?n Kim , Android 13  Realme UI 4.0 , MediaTek Helio G88 , 8 GB , 256 GB , MicroSD  h? tr? t?i ?a 1 TB ,, IPS LCD ," 6.72 "" ", Full HD+ (1080 x 2400) pixels , 8MP , Chính 64MP  Ph? 2MP , Có , 1080P/60fps , Có , 2 Nano SIM , 2.4/5GHz , Bluetooth 5.2 , GPS / GLONASS / GALILEO / Beidou , Type-C , Có , 5000mAh , M? khoá vân tay c?nh vi?n , Nguyên kh?i , Có ,,,, 165.6 x 75.9 x 7.89 mm 
?i?n tho?i OPPO Reno8 T 8GB/256GB ?en,7790000,https://www.nguyenkim.com/dien-thoai-oppo-reno8-t-8gb-256gb-den.html,['https://cdn.nguyenkimmall.com/images/detailed/857/10054706-dien-thoai-oppo-reno8-t-8gb-128gb-den-1.jpg'], RENO8T (CPH2481) , ?en , OPPO , Trung Qu?c , T2. 2023 , 12 Tháng , Nguy?n Kim , Android 13 , MediaTek Helio G99 , 8GB , 256 GB , Có  MicroSD ,, AMOLED ," 6.4 "" ", Full HD+ (1080 x 2400) pixels , 32 MP , 100MP  2MP  2MP , LED Flash ,, H? tr? 4G , Nano , Dual-band (2.4 GHz/5 GHz)  Wi-Fi 802.11 a/b/g/n/ac  Wi-Fi hotspot , v5.3 , GPS  GALILEO  BEIDOU  GALILEO  QZSS , Type-C , Có , 5000mAh , M? khoá khuôn m?t  M? khoá vân tay d??i màn hình , Nguyên kh?i , Ghi âm m?c ??nh  Ghi âm cu?c g?i ,,,, 160.8 x 73.84 x 7.85 mm 
?i?n tho?i Xiaomi Redmi Note 12 4GB/128GB Xanh lá,4290000,https://www.nguyenkim.com/dien-thoai-xiaomi-redmi-note-12-4gb-128gb-xanh-la.html,['https://cdn.nguyenkimmall.com/images/detailed/867/10055264-dien-thoai-xiaomi-redmi-note-12-4gb-128gb-xanh-la-1.jpg'], REDMINOTE12(4+128) , Xanh lá , Xiaomi , Trung Qu?c , T4.2023 , 18 Tháng , Nguy?n Kim , Android 13 , Snapdragon 685 8 nhân , 4 GB , 128 GB , MicroSD  h? tr? t?i ?a 1 TB ,, AMOLED ," 6.67 "" ", Full HD+ (1080 x 2400) pixels , 13MP , Chính 50 MP & Ph? 8 MP  2 MP , ?èn LED kép , HD 720p@30fps  FullHD 1080p@30fps , H? tr? 4G , 2 Nano Sim , Wi-Fi 802.11 a/b/g/n/ac  Dual-band (2.4 GHz/5 GHz) , v5.0 , GPS  GLONASS  GALILEO , Type-C , Có , 5000mAh , C?m bi?n vân tay  Nh?n di?n khuôn m?t , ?ang c?p nh?t , Có ,,,, 165.66 x 75.96 x 7.85 mm 
?i?n tho?i iPhone 14 Pro Max 256GB ?en,29690000,https://www.nguyenkim.com/dien-thoai-iphone-14-pro-max-256gb-den.html,['https://cdn.nguyenkimmall.com/images/detailed/824/den_ct0r-qc.jpg'], iPhone 14 Pro Max 256GB , ?en , iPhone , Trung Qu?c , 9/2022 , 12 Tháng , Nguy?n Kim , iOS 16 , Apple A16 Bionic 6 nhân , 6 GB , 256 GB ,, C?m ?ng ?i?n dung ?a ?i?m , OLED ," 6.7 "" ", 1290 x 2796 pixels , 12MP , Chính 48 MP  Ph? 12 MP - 12 MP , Có ,,, 1 Nano SIM & 1 eSIM , Wi-Fi 802.11 a/b/g/n/ac/ax  Wi-Fi hotspot  Wi-Fi MIMO , v5.3 , BEIDOU  GALILEO  GLONASS  GPS  QZSS , Lightning ,, 29 gi? , M? khoá khuôn m?t Face ID , Nguyên kh?i , Ghi âm m?c ??nh ,,, S?c không dây MagSafe  Ch?m 2 l?n sáng màn hình  Màn hình luôn hi?n th? AOD  Phát hi?n va ch?m (Crash Detection)  Apple Pay , 160.7 x 77.6 x 7.85 mm 
?i?n tho?i Samsung S22 8GB/128GB Xanh Lá,13490000,https://www.nguyenkim.com/dien-thoai-samsung-s22-8gb-128gb-xanh-la.html,['https://cdn.nguyenkimmall.com/images/detailed/786/10051320-01.jpg'], SM-S901E/DS , Xanh lá , Samsung , Vi?t Nam , 2022 , 12 Tháng , Nguy?n Kim , Android , Qualcomm Snapdragon 8 Gen 1 , 8GB , 128GB ,,, Dynamic AMOLED 2X ," 6.1 "" ", 1080 x 2340 pixels , 10 MP , Chính 50 MP & Ph? 12 MP  10 MP , Có ,,, SIM 1 + SIM 2 or Embedded SIM , 802.11 a/b/g/n/ac/ax 2.4G+5GHz  HE80  MIMO  1024-QAM , v5.2 , GPS  Glonass  Beidou  Galileo  QZSS , Type-C ,, 3.700 mAh , M? khóa vân tay , Nguyên kh?i , Ghi âm m?c ??nh  Ghi âm cu?c g?i , Có ,,, 146 x 70.6 x 7.6 mm 
?i?n tho?i Realme C30s 3GB/64GB ?en nhám,2290000,https://www.nguyenkim.com/dien-thoai-realme-c30s-3gb-64gb-den.html,['https://cdn.nguyenkimmall.com/images/detailed/870/10055331-dien-thoai-realme-c30s-3gb-64gb-den-1.jpg'], REALMEC30S(3-64) , ?en nhám , Realme , Trung Qu?c , 2022 , 12 Tha?ng , Nguy?n Kim , Android 12  Realme UI Go , Unisoc SC9863A1 , 3 GB , 64 GB , MicroSD  h? tr? t?i ?a 1 TB , Kính th??ng , IPS LCD ," 6.5 "" ", HD+ (720 x 1600) pixels , 5 MP , 8 MP , Có , H? tr? quay phim 1080P/30fps  720P/30fps  480P/30fp , H? tr? 4G , 2 Nano SIM , 2.4GHz , V4.2 , GPSGLONASS , Micro USB , Có , 5000 mAh , Vân tay c?nh vi?n , Nguyên kh?i , Có ,,,, 164.1 x 75.6 x 8.5 mm 
?i?n tho?i Xiaomi Redmi 10 2022 4GB/128GB Tr?ng,3990000,https://www.nguyenkim.com/dien-thoai-xiaomi-redmi-10-2022-4gb-128gb-trang.html,['https://cdn.nguyenkimmall.com/images/detailed/829/10052191-dien-thoai-xiaomi-redmi-10-2022-4gb-128gb-trang-1.jpg'], REDMI102022 , Tr?ng , Xiaomi , Trung Quô?c , 2022 , 18 Tháng , Nguy?n Kim , Android 11 , MediaTek Helio G88 , 4 GB , 128 GB , MicroSD m? r?ng lên ??n 512GB ,, DotDisplay ," 6.5 "" ", FHD+ (1080 x 2400) pixels , 8 MP , 50 MP  8 MP  2 MP  2 MP ,,, Có ,, 2.4GHz Wi-Fi / 5GHz Wi-Fi , Bluetooth 5.1 , GPS L1  Galileo E1  GLONASS  Beidou , Type-C , Có , 5000 mAh , C?m bi?n vân tay c?nh bên  m? khóa khuôn m?t AI , Nguyên kh?i , Ghi âm m?c ??nh ,,,, 161.95 x 75.53 x 8.92 mm 
?i?n tho?i Xiaomi Redmi 10A 2GB/32GB Xám,2590000,https://www.nguyenkim.com/dien-thoai-xiaomi-redmi-10a-2gb-32gb-xam.html,['https://cdn.nguyenkimmall.com/images/detailed/811/10052670-dien-thoai-xiaomi-redmi-10a-2gb-32gb-xam-1.jpg'], XIAOMIREDMI10A , Xám , Xiaomi , Vi?t Nam , 2022 , 18 Tháng , Nguy?n Kim , Android 11 , MediaTek Helio G25 8 nhân , 2 GB , 32 GB , MicroSD  h? tr? t?i ?a 1 TB , Có , IPS LCD ," 6.53 "" ", HD+ (700 x 1600) pixels , 5MP , 13MP+ 2MP ,,, H? tr? 4G , 2 Nano SIM , Dual-band (2.4 GHz/5 GHz)  Wi-Fi 802.11 a/b/g/n  Wi-Fi Direct  Wi-Fi hotspot , v5.0 , BDS  GLONASS  GPS , Micro USB , Có , 5000 mAh , M? khóa b?ng vân tay  M? khóa b?ng khuôn m?t , Nguyên kh?i ,,,,, 164.9 x 77 x 9 mm 
?i?n tho?i Realme C30s 3GB/64GB Xanh h?,2290000,https://www.nguyenkim.com/dien-thoai-realme-c30s-3gb-64gb-xanh.html,['https://cdn.nguyenkimmall.com/images/detailed/870/10055330-dien-thoai-realme-c30s-3gb-64gb-xanh-1.jpg'], REALMEC30S(3-64) , Xanh h? , Realme , Trung Qu?c , 2022 , 12 Tha?ng , Nguy?n Kim , Android 12  Realme UI Go , Unisoc SC9863A1 , 3 GB , 64 GB , MicroSD  h? tr? t?i ?a 1 TB , Kính th??ng , IPS LCD ," 6.5 "" ", HD+ (720 x 1600) pixels , 5 MP , 8 MP , Có , H? tr? quay phim 1080P/30fps  720P/30fps  480P/30fp , H? tr? 4G , 2 Nano SIM , 2.4GHz , V4.2 , GPSGLONASS , Micro USB , Có , 5000 mAh , Vân tay c?nh vi?n , Nguyên kh?i , Có ,,,, 164.1 x 75.6 x 8.5 mm 
?i?n tho?i iPhone 14 Pro Max 256GB B?c,29790000,https://www.nguyenkim.com/dien-thoai-iphone-14-pro-max-256gb-bac.html,['https://cdn.nguyenkimmall.com/images/detailed/824/bac_szso-k9.jpg'], iPhone 14 Pro Max 256GB , B?c , iPhone , Trung Qu?c , 9/2022 , 12 Tháng , Nguy?n Kim , iOS 16 , Apple A16 Bionic 6 nhân , 6 GB , 256 GB ,, C?m ?ng ?i?n dung ?a ?i?m , OLED ," 6.7 "" ", 1290 x 2796 pixels , 12MP , Chính 48 MP  Ph? 12 MP - 12 MP , Có ,,, 1 Nano SIM & 1 eSIM , Wi-Fi 802.11 a/b/g/n/ac/ax  Wi-Fi hotspot  Wi-Fi MIMO , v5.3 , BEIDOU  GALILEO  GLONASS  GPS  QZSS , Lightning ,, 29 gi? , M? khoá khuôn m?t Face ID , Nguyên kh?i , Ghi âm m?c ??nh ,,, S?c không dây MagSafe  Ch?m 2 l?n sáng màn hình  Màn hình luôn hi?n th? AOD  Phát hi?n va ch?m (Crash Detection)  Apple Pay , 160.7 x 77.6 x 7.85 mm 
?i?n tho?i Xiaomi Redmi 10 2022 4GB/128GB Xanh d??ng,3990000,https://www.nguyenkim.com/dien-thoai-xiaomi-redmi-10-2022-4gb-128gb-xanh-duong.html,['https://cdn.nguyenkimmall.com/images/detailed/829/10052193-dien-thoai-xiaomi-redmi-10-2022-4gb-128gb-xanh-duong-1.jpg'], REDMI102022 , Xanh d??ng , Xiaomi , Trung Quô?c , 2022 , 18 Tháng , Nguy?n Kim , Android 11 , MediaTek Helio G88 , 4 GB , 128 GB , MicroSD m? r?ng lên ??n 512GB ,, DotDisplay ," 6.5 "" ", FHD+ (1080 x 2400) pixels , 8 MP , 50 MP  8 MP  2 MP  2 MP ,,, Có ,, 2.4GHz Wi-Fi / 5GHz Wi-Fi , Bluetooth 5.1 , GPS L1  Galileo E1  GLONASS  Beidou , Type-C , Có , 5000 mAh , C?m bi?n vân tay c?nh bên  m? khóa khuôn m?t AI , Nguyên kh?i , Ghi âm m?c ??nh ,,,, 161.95 x 75.53 x 8.92 mm 
?i?n tho?i Xiaomi Redmi Note 12 4GB/128GB Xanh d??ng,4290000,https://www.nguyenkim.com/dien-thoai-xiaomi-redmi-note-12-4gb-128gb-xanh-duong.html,['https://cdn.nguyenkimmall.com/images/detailed/867/10055263-dien-thoai-xiaomi-redmi-note-12-4gb-128gb-xanh-duong-1.jpg'], REDMINOTE12(4+128) , Xanh d??ng , Xiaomi , Trung Qu?c , T4.2023 , 18 Tháng , Nguy?n Kim , Android 13 , Snapdragon 685 8 nhân , 4 GB , 128 GB , MicroSD  h? tr? t?i ?a 1 TB ,, AMOLED ," 6.67 "" ", Full HD+ (1080 x 2400) pixels , 13MP , Chính 50 MP & Ph? 8 MP  2 MP , ?èn LED kép , HD 720p@30fps  FullHD 1080p@30fps , H? tr? 4G , 2 Nano Sim , Wi-Fi 802.11 a/b/g/n/ac  Dual-band (2.4 GHz/5 GHz) , v5.0 , GPS  GLONASS  GALILEO , Type-C , Có , 5000mAh , C?m bi?n vân tay  Nh?n di?n khuôn m?t , ?ang c?p nh?t , Có ,,,, 165.66 x 75.96 x 7.85 mm 
?i?n tho?i Samsung Galaxy A23 5G 4GB/128GB Xanh,4790000,https://www.nguyenkim.com/dien-thoai-samsung-galaxy-a23-5g-4gb-128gb-xanh.html,['https://cdn.nguyenkimmall.com/images/detailed/836/10053766-dien-thoai-samsung-galaxy-a23-5g-4gb-128gb-xanh-1.jpg'], A236 (SM-A236E/DS) , Xanh , Samsung , Vi?t Nam , 11/2022 , 12 Tháng , Nguy?n Kim , Android 12 , Snapdragon 695 5G 8 nhân , 4GB , 128GB , MicroSD  h? tr? t?i ?a 1 TB , Kính c??ng l?c Corning Gorilla Glass 3 , Tràn vi?n vô c?c Infinity-V FHD+ ," 6.6 "" ", Full HD+ (1080 x 2408) pixels , 8MP , 50MP (Chính)  5MP (Camera góc siêu r?ng)  2MP (Macro)  2MP (Depth) , Có ,, H? tr? 5G , 2 Nano SIM , Wi-Fi 802.11 a/b/g/n/ac  Wi-Fi Direct Wi-Fi hotspot , v5.1 , GPS  GALILEO GLONASS , Type-C , Có , 5000mAh , M? khoá vân tay c?nh vi?n  M? khoá khuôn m?t , Nguyên kh?i , Ghi âm m?c ??nh  Ghi âm cu?c g?i , Có ,, Quay ch?p Ch?ng rung OIS 2022 , 165.4 x 76.9 x 8.4 mm 
?i?n tho?i iPhone 14 Pro Max 256GB Vàng,29690000,https://www.nguyenkim.com/dien-thoai-iphone-14-pro-max-256gb-vang.html,['https://cdn.nguyenkimmall.com/images/detailed/824/vàng.jpg'], iPhone 14 Pro Max 256GB , Vàng , iPhone , Trung Qu?c , 9/2022 , 12 Tháng , Nguy?n Kim , iOS 16 , Apple A16 Bionic 6 nhân , 6 GB , 256 GB ,, C?m ?ng ?i?n dung ?a ?i?m , OLED ," 6.7 "" ", 1290 x 2796 pixels , 12MP , Chính 48 MP  Ph? 12 MP - 12 MP , Có ,,, 1 Nano SIM & 1 eSIM , Wi-Fi 802.11 a/b/g/n/ac/ax  Wi-Fi hotspot  Wi-Fi MIMO , v5.3 , BEIDOU  GALILEO  GLONASS  GPS  QZSS , Lightning ,, 29 gi? , M? khoá khuôn m?t Face ID , Nguyên kh?i , Ghi âm m?c ??nh ,,, S?c không dây MagSafe  Ch?m 2 l?n sáng màn hình  Màn hình luôn hi?n th? AOD  Phát hi?n va ch?m (Crash Detection)  Apple Pay , 160.7 x 77.6 x 7.85 mm 
?i?n tho?i Nokia G11 Plus 3GB/64GB Xanh,2490000,https://www.nguyenkim.com/dien-thoai-nokia-g11-plus-3gb-64gb-xanh.html,['https://cdn.nguyenkimmall.com/images/detailed/823/10053246-dien-thoai-nokia-g11-plus-3gb-64gb-xanh-1.jpg'], NOKIAG11 , Xanh , Nokia , Trung Quô?c , 08/2022 , 12 Tháng , Nguy?n Kim , Android™ 12 , Unisoc T606 (12 nm) , 3 GB , 64 GB , H? tr? th? MicroSD lên ??n 512 GB ,, TFT LCD ," 6.5 "" ", HD+ (720 x 1600) pixels , 8MP  FF (f/2.0) , 50MP Chính AF (f/1.8) + 2MP Chi?u sâu FF , ?èn Flash camera sau ,, H? tr? 4G , Nano , 802.11 a/b/g/n/ac (2.4/5G dual band) , Bluetooth 5.0 , GPS/AGPS , USB Type-C (USB 2.0) OTG , Có , 5000mAh , M? khóa b?ng vân tay  M? khóa b?ng khuôn m?t , Nguyên kh?i , Có , Có ,,, 164.8 x 75.9 x 8.55 mm 
?i?n tho?i Samsung Galaxy Z Flip 4 5G 256GB Vàng,18490000,https://www.nguyenkim.com/dien-thoai-samsung-galaxy-z-flip-4-5g-256gb-vang.html,['https://cdn.nguyenkimmall.com/images/detailed/816/10052921-1.jpg'], F721 , Vàng , Samsung , Vi?t Nam , 2022 , 12 Tháng , Nguy?n Kim ," 	OneUI 4 / Android 12 "," 	Snapdragon® 8+ Gen 1 "," 	8 GB ", 256 GB ,," 	Màn hình chính Ultra Thin Glass - Màn hình ph? và m?t l?ng Gorilla Glass Victus+ "," 	Dynamic AMOLED 2X "," 	Màn hình chính 6.7"" - Màn hình ph? 1.9 "" "," 	Màn hình chính (FHD+) 2640 x 1080 pixels - Màn hình ph? 260 x 512 pixels "," 	10 MP "," 	12 MP + 12 MP ", Có ," 	UHD 4K (3840 x 2160)@60fps "," 	H? tr? 5G "," 	Nano-sim & E-sim "," 	802.11 a/b/g/n/ac/ax 2.4G+5GHz+6GHz  HE160  MIMO  1024-QAM "," 	Bluetooth v5.2 "," 	GPS Glonass Beidou Galileo QZSS ", Type-C ,," 	3700 mAh "," 	M? khoá vân tay c?nh vi?n - Nh?n di?n khuôn m?t "," 	Nguyên kh?i - Màn hình g?p ", Có ,,," 	Tính n?ng ch?p ?êm Nightography - M?t Th?n Bóng ?êm  Ch? ?? FlexCam  Zoom k? thu?t s? 10x  ch?p hình xóa phông. H? tr? k?t n?i Samsung Dex  NFC  OTG  Smart Switch. "," 	Khi m? 165.2 x 71.9 x 6.9 mm - Khi g?p 84.9 x 71.9 x 15.9-17.1 mm "
?i?n tho?i Samsung S22 Ultra 8GB/128GB ?en,18490000,https://www.nguyenkim.com/dien-thoai-samsung-s22-ultra-8gb-128gb-den.html,['https://cdn.nguyenkimmall.com/images/detailed/787/10051338-1.jpg'], SM-S908E/DS , ?en , Samsung , Viê?t Nam , 2022 , 12 Tháng , Nguy?n Kim , Android 12  One UI 4.1 , Snapdragon 8 Gen 1 , 8GB , 128GB ,, Có , Màn hình Dynamic AMOLED 2X ," 6.8 "" ", Quad HD+ (3088 x 1440) pixels , 40MP , 108MP (chính)  12MP (Góc siêu r?ng)  10MP (Tele)  10MP (Tele) , Có ,,, SIM 1 + SIM 2 or Embedded SIM , 802.11 a/b/g/n/ac/ax 2.4G+5GHz+6GHz  HE160  MIMO  1024-QAM , Bluetooth v5.2 , GPS  Glonass  Beidou  Galileo  QZSS , USB Type-C (USB 3.2 Gen 1) ,, 5000 mAh , M? khóa b?ng vân tay  M? khóa b?ng khuôn m?t , Nguyên kh?i , Ghi âm m?c ??nh  Ghi âm cu?c g?i ,,, Tích h?p s?n bút S-Pen ,
?i?n tho?i OPPO A57 4GB/64GB ?en,3790000,https://www.nguyenkim.com/dien-thoai-oppo-a57-4gb-64gb-den.html,['https://cdn.nguyenkimmall.com/images/detailed/844/10052641-dien-thoai-oppo-a57-4gb-64gb-den-1.jpg'], OPPOA57 (CPH2387) , ?en , OPPO , Trung Quô?c , 2022 , 12 Tháng , Nguyê?n Kim , Android 12 (ColorOS 12.1) , MediaTek Helio G35 , 4GB , 64GB , MicroSD  h? tr? t?i ?a 1 TB ,, IPS LCD ," 6.56 "" ", HD+ ( 1612 x 720) pixels , 8MP , 13MP (Chính) +2MP (Xóa phông) ,,, Có , 2 Nano SIM , Wi-Fi 802.11 a/b/g/n/ac , v5.3 , GPS  BDS  GLONASS  Galileo  và QZSS , Type-C , Có , 5000 mAh , M? khóa vân tay  Nh?n di?n khuôn m?t , Nguyên kh?i , Ghi âm m?c ??nh  Ghi âm cu?c g?i ,,,, 164.4 x 75.7 x 8.4 mm 
?i?n tho?i iPhone 14 Pro Max 128GB B?c,26990000,https://www.nguyenkim.com/dien-thoai-iphone-14-pro-max-128gb-bac.html,['https://cdn.nguyenkimmall.com/images/detailed/824/bac_7fmt-fc.jpg'], iPhone 14 Pro Max 128GB , B?c , iPhone , Trung Qu?c , 9/2022 , 12 Tháng , Nguy?n Kim , iOS 16 , Apple A16 Bionic 6 nhân , 6 GB , 128 GB ,, C?m ?ng ?i?n dung ?a ?i?m , OLED ," 6.7 "" ", 1290 x 2796 pixels , 12MP , Chính 48 MP  Ph? 12 MP - 12 MP , Có ,,, 1 Nano SIM & 1 eSIM , Wi-Fi 802.11 a/b/g/n/ac/ax  Wi-Fi hotspot  Wi-Fi MIMO , v5.3 , BEIDOU  GALILEO  GLONASS  GPS  QZSS , Lightning ,, 29 gi? , M? khoá khuôn m?t Face ID , Nguyên kh?i , Ghi âm m?c ??nh ,,, S?c không dây MagSafe  Ch?m 2 l?n sáng màn hình  Màn hình luôn hi?n th? AOD  Phát hi?n va ch?m (Crash Detection)  Apple Pay , 160.7 x 77.6 x 7.85 mm 
?i?n tho?i Oppo A16 3GB/32GB B?c,2990000,https://www.nguyenkim.com/dien-thoai-oppo-a16-3gb-32gb-bac.html,['https://cdn.nguyenkimmall.com/images/detailed/813/10051968-dien-thoai-oppo-a16-3gb-32gb-bac-1.jpg'], OPPOA16 , B?c , OPPO , Trung Quô?c , 10/2021 , 12 Tháng , Nguy?n Kim , ColorOS 11.1  n?n t?ng Android 11 , MediaTek Helio G35  t?i ?a 2.3GHz , 3 GB , 32 GB , MicroSD  h? tr? t?i ?a 256 GB ,, IPS LCD ," 6.52 "" ", HD+ (720 x 1600) pixels , 8 MP , 13 MP (chính) + 2 MP (mono) + 2 MP (marco) , Có ,, H? tr? 4G , 2 Nano SIM , Wi-Fi 2.4 GHz  Wi-Fi 5 GHz  Wi-Fi Display , Bluetooth 5.0 , GNSS D?a trên GPS  A-GPS  BeiDou  GLONASS  GALILEO và QZSS  các ph?n m?m ??nh v? , Type C , Có , 5000 mAh , M? Khóa Vân Tay C?nh Bên  Nh?n D?ng Khuôn M?t , Nguyên kh?i ,,,,, 163.8 x 75.6 x 8.4 mm 
?i?n tho?i Xiaomi Redmi Note 11 4GB/128GB Xanh D??ng ??m,4290000,https://www.nguyenkim.com/dien-thoai-xiaomi-redmi-note-11-4gb-128gb-xanh-duong-dam.html,['https://cdn.nguyenkimmall.com/images/detailed/794/10051518-dien-thoai-xiaomi-remi-note-11-4gb-128gb-xanh-duong-dam.jpg'], Redmi Note 11 , Xanh d??ng ??m , Xiaomi , Trung Quô?c , 01/2022 , 18 Tháng , Nguy?n Kim , Android 11 , Snapdragon 680 8 nhân , 4 GB , 128GB , MicroSD  h? tr? t?i ?a 1 TB , Có , AMOLED ," 6.43 "" ", Full HD+ 1080 x 2400 pixels , 13 MP , Camera góc r?ng 50 MP  f/1.8  PDAF  Camera góc siêu r?ng 8 MP  Camera Macro 2MP f/2.4  Camera chân dung 2MP , Có , FullHD 1080p@30fps , Co? hô? tr?? , 2 Nano SIM , Wi-Fi 802.11 a/b/g/n/ac  Wi-Fi Direct , v5.0 , BDS  GALILEO  GLONASS  GPS , Type-C , Có , 5000 mAh , M? khoá khuôn m?t  M? khoá vân tay c?nh vi?n , Nguyên kh?i , Có ,,,, Dài 159.8 mm - Ngang 73.87 mm - Dày 8.09 mm 
?i?n tho?i Realme C55 6GB/128GB ?en tr?i ?êm,4090000,https://www.nguyenkim.com/dien-thoai-realme-c55-6gb-128gb-den.html,['https://cdn.nguyenkimmall.com/images/detailed/863/10055208-dien-thoai-realme-c55-6gb-128gb-den-1.jpg'], RMX3710 , ?en tr?i ?êm , Realme , Trung Qu?c , Tháng 3/2023 , 12 Tháng , Nguy?n Kim , Android 13  Realme UI 4.0 , MediaTek Helio G88 , 6 GB , 128 GB , MicroSD  h? tr? t?i ?a 1 TB ,, IPS LCD ," 6.72 "" ", Full HD+ (1080 x 2400) pixels , 8MP , Chính 64MP  Ph? 2MP , Có , 1080P/60fps , Có , 2 Nano SIM , 2.4/5GHz , Bluetooth 5.2 , GPS / GLONASS / GALILEO / Beidou , Type-C , Có , 5000mAh , M? khoá vân tay c?nh vi?n , Nguyên kh?i , Có ,,,, 165.6 x 75.9 x 7.89 mm 
?i?n tho?i iPhone 14 Plus 128GB Xanh d??ng,21790000,https://www.nguyenkim.com/dien-thoai-iphone-14-plus-128gb-xanh-duong.html,['https://cdn.nguyenkimmall.com/images/detailed/825/01-xanh.jpg'], iPhone 14 Plus 128GB , Xanh d??ng , iPhone , Trung Qu?c , 9/2022 , 12 Tháng , Nguy?n Kim , iOS 16 , Apple A15 Bionic , 6 GB , 128 GB ,, C?m ?ng ?i?n dung ?a ?i?m , OLED ," 6.7 "" ", 1284 x 2778 pixels , 12MP , 12 MP - 12 MP , Có ,,, 1 Nano SIM & 1 eSIM , Wi-Fi 802.11 a/b/g/n/ac/ax  Wi-Fi hotspot  Wi-Fi MIMO , v5.3 , BEIDOU  GALILEO  GLONASS  GPS  QZSS , Lightning ,, 26 gi? , M? khoá khuôn m?t Face ID , Nguyên kh?i , Ghi âm m?c ??nh ,,, Ch?m 2 l?n sáng màn hình  S?c không dây  Phát hi?n va ch?m (Crash Detection)  Apple Pay , 160.8 x 78.1 x 7.8 mm 
?i?n tho?i OPPO A76 6GB/128GB ?en,4690000,https://www.nguyenkim.com/dien-thoai-oppo-a76-6gb-128gb-den.html,['https://cdn.nguyenkimmall.com/images/detailed/785/10051456-dien-thoai-oppo-a76-6gb-128gb-den-1.jpg'], CPH2375 - A76 , ?en , OPPO , Trung Qu?c , 02/2022 , 12 Tháng , Nguy?n Kim , ColorOS 11.1  n?n t?ng Android 11 , Qualcomm Snapdragon 680  t?i ?a 2.4GHz , 6GB , 128GB , MicroSD  h? tr? t?i ?a 1 TB ,, Màn hình ch?m O  LCD  Kính c??ng l?c AGC DT-Pro  16 tri?u màu ," 6.56 "" ", (HD+) 720 x 1612 pixels , 8 MP , 13 MP (chính) + 2 MP (??n s?c) , ?èn flash sau ,, H? tr? 4G ,, 2.4G/5G  802.11 a/b/g/n/ac , v5.0 , Có , Type-C , Có , 5000mAh (TYP) , C?m bi?n vân tay c?nh bên , Nguyên kh?i , Có ,,,, 164.4 x 75.7 x 8.4 mm 
?i?n tho?i Realme C55 8GB/256GB ?en tr?i ?êm,4890000,https://www.nguyenkim.com/dien-thoai-realme-c55-8gb-256gb-den.html,['https://cdn.nguyenkimmall.com/images/detailed/863/10055212-dien-thoai-realme-c55-8gb-256gb-den-1.jpg'], RMX3710 , ?en tr?i ?êm , Realme , Trung Qu?c , Tháng 3/2023 , 12 Tháng , Nguy?n Kim , Android 13  Realme UI 4.0 , MediaTek Helio G88 , 8 GB , 256 GB , MicroSD  h? tr? t?i ?a 1 TB ,, IPS LCD ," 6.72 "" ", Full HD+ (1080 x 2400) pixels , 8MP , Chính 64MP  Ph? 2MP , Có , 1080P/60fps ,, 2 Nano SIM , 2.4/5GHz , Bluetooth 5.2 , GPS / GLONASS / GALILEO / Beidou , Type-C , Có , 5000mAh , M? khoá vân tay c?nh vi?n , Nguyên kh?i , Có ,,,, 165.6 x 75.9 x 7.89 mm 
?i?n tho?i Realme 10 8GB/256GB ?en thiên th?ch,5790000,https://www.nguyenkim.com/dien-thoai-realme-10-den.html,['https://cdn.nguyenkimmall.com/images/detailed/854/10054659-dien-thoai-realme-10-8gb-256gb-den-1.jpg'], REALME10 (RMX3630) , ?en thiên th?ch , Realme , Trung Qu?c , T1/2023 , 12 Tha?ng , Nguy?n Kim , Android 12  Realme UI 3.0 , Helio G99 , 8 GB , 256 GB , MicroSD  h? tr? t?i ?a 1 TB , Kính th??ng , Super AMOLED ," 6.4 "" ", (FHD+) 1080 x 2400 pixels , 16MP , 50 MP  2 MP , LED flash  HDR  panorama , 1080p@30fps , H? tr? 4G , Dual SIM (Nano-SIM) , Wi-Fi 802.11 a/b/g/n/ac , 5.3  A2DP  LE  aptX HD  aptX Adaptive , GPS/AGPS/Beidou/Glonass/Galileo , USB Type-C 2.0  OTG , Có , 5000 mAh , M? khoá vân tay c?nh vi?n  M? khoá khuôn m?t , Nguyên kh?i , Ghi âm m?c ??nh  Ghi âm cu?c g?i ,,,, 159.9 x 73.3 x 8 mm 
?i?n tho?i Samsung S22 Ultra 8GB/128GB Tr?ng,18490000,https://www.nguyenkim.com/dien-thoai-samsung-s22-ultra-8gb-128gb-trang.html,['https://cdn.nguyenkimmall.com/images/detailed/787/10051339-1.jpg'], SM-S908E/DS , Tr?ng , Samsung , Viê?t Nam , 2022 , 12 Tháng , Nguy?n Kim , Android 12  One UI 4.1 , Snapdragon 8 Gen 1 , 8GB , 128GB ,, Có , Màn hình Dynamic AMOLED 2X ," 6.8 "" ", Quad HD+ (3088 x 1440) pixels , 40MP , 108MP (chính)  12MP (Góc siêu r?ng)  10MP (Tele)  10MP (Tele) , Có ,,, SIM 1 + SIM 2 or Embedded SIM , 802.11 a/b/g/n/ac/ax 2.4G+5GHz+6GHz  HE160  MIMO  1024-QAM , Bluetooth v5.2 , GPS  Glonass  Beidou  Galileo  QZSS , USB Type-C (USB 3.2 Gen 1) ,, 5000 mAh , M? khóa b?ng vân tay  M? khóa b?ng khuôn m?t , Nguyên kh?i , Ghi âm m?c ??nh  Ghi âm cu?c g?i ,,, Tích h?p s?n bút S-Pen ,
?i?n tho?i OPPO A57 4GB/128GB Xanh,4990000,https://www.nguyenkim.com/dien-thoai-oppo-a57-4gb-128gb-xanh.html,['https://cdn.nguyenkimmall.com/images/detailed/857/10054722-dien-thoai-oppo-a57-4gb-128gb-xanh-1.jpg'], CPH2407- A57128GB , Xanh , OPPO , Trung Quô?c , 2022 , 12 Tháng , Nguyê?n Kim , Android 12 (ColorOS 12.1) , MediaTek Helio G35 , 4GB , 128GB , MicroSD  h? tr? t?i ?a 1 TB ,, IPS LCD ," 6.56 "" ", HD+ ( 1612 x 720) pixels , 8MP , 13MP (Chính) +2MP (Xóa phông) ,,, Có , 2 Nano SIM , Wi-Fi 802.11 a/b/g/n/ac , v5.3 , GPS  BDS  GLONASS  Galileo  và QZSS , Type-C , Có , 5000 mAh , M? khóa vân tay  Nh?n di?n khuôn m?t , Nguyên kh?i , Ghi âm m?c ??nh  Ghi âm cu?c g?i ,,,, 164.4 x 75.7 x 8.4 mm 
?i?n tho?i iPhone 14 Pro 128GB Tím,25190000,https://www.nguyenkim.com/dien-thoai-iphone-14-pro-128gb-tim.html,['https://cdn.nguyenkimmall.com/images/detailed/824/tim.jpg'], iPhone 14 Pro 128GB , Tím , iPhone , Trung Qu?c , 9/2022 , 12 Tháng , Nguy?n Kim , iOS 16 , Apple A16 Bionic 6 nhân , 6 GB , 128 GB ,, C?m ?ng ?i?n dung ?a ?i?m , OLED ," 6.1 "" ", 1179 x 2556 pixels , 12MP , Chính 48 MP  Ph? 12 MP - 12 MP , Có ,,, 1 Nano SIM & 1 eSIM , Wi-Fi 802.11 a/b/g/n/ac/ax  Wi-Fi hotspot  Wi-Fi MIMO , v5.3 , BEIDOU  GALILEO  GLONASS  GPS  QZSS , Lightning ,, 23 gi? , M? khoá khuôn m?t Face ID , Nguyên kh?i , Ghi âm m?c ??nh ,,, S?c không dây MagSafe  Ch?m 2 l?n sáng màn hình  Màn hình luôn hi?n th? AOD  Phát hi?n va ch?m (Crash Detection)  Apple Pay , 147.5 x 71.5 x 7.85 mm 
?i?n tho?i Samsung Galaxy S23 Plus 8GB/256GB Kem,21490000,https://www.nguyenkim.com/dien-thoai-samsung-galaxy-s23-plus-8gb-256gb-kem.html,['https://cdn.nguyenkimmall.com/images/detailed/855/10054697.jpg'], S23+ (S916) , Kem , Samsung , Vi?t Nam , T2. 2023 , 12 Tháng , Nguy?n Kim , Android 13  One UI 5.1 , Snapdragon® 8 Gen 2 Mobile Platform , 8GB , 256GB ,,, Màn hình ph?ng FHD+ ," 6.6 "" ", 1080 x 2340 pixels , 12 MP , 50MP (Góc R?ng)  12MP (Góc Siêu R?ng)  10MP(?ng kính Tele) - (Zoom quang h?c 3x  Zoom K? thu?t s? lên t?i 30x) , LED Flash ,,, Nano , 6 GHz  Dual-band (2.4 GHz/5 GHz)  Wi-Fi 802.11 a/b/g/n/ac/ax  Wi-Fi Direct , v5.3 , Có , Type-C ,, 4700mAh , M? khoá khuôn m?t  M? khoá vân tay d??i màn hình , Nguyên kh?i , Ghi âm m?c ??nh  Ghi âm cu?c g?i ,,,, 157.8 x 76.2 x 7.6 mm 
?i?n tho?i Samsung S22 Plus 8GB/128GB Xanh Lá,15990000,https://www.nguyenkim.com/dien-thoai-samsung-s22-plus-8gb-128gb-xanh-la.html,['https://cdn.nguyenkimmall.com/images/detailed/786/10051329-01.jpg'], SM-S906E/DS , Xanh lá , Samsung , Vi?t Nam , 2022 , 12 Tháng , Nguy?n Kim , Android 12 , Qualcomm Snapdragon 8 Gen 1 , 8GB , 128GB ,,, Dynamic AMOLED 2X ," 6.6 "" ", Full HD+ (1080 x 2340) pixels , 10 MP , Chính 50 MP & Ph? 12 MP  10 MP , Có , ??nh d?ng MP4  M4V  3GP  3G2  AVI  FLV  MKV  WEBM ,, SIM 1 + SIM 2 or Embedded SIM , Wi-Fi 802.11 a/b/g/n/ac/ax , v5.2 , GPS  Glonass  Beidou  Galileo  QZSS , Type-C ,, 4.500 mAh , M? khoá vân tay d??i màn hình  M? khoá khuôn m?t , Nguyên kh?i , Ghi âm m?c ??nh  Ghi âm cu?c g?i ,,,, 157.4 x 75.8 x 7.6 mm 
?i?n tho?i Xiaomi Redmi Note 11 Pro 5G 8GB/128GB Tr?ng,8090000,https://www.nguyenkim.com/dien-thoai-xiaomi-redmi-note11pro-5g-8gb-128gb-trang.html,['https://cdn.nguyenkimmall.com/images/detailed/805/10051865-dien-thoai-xiaomi-redmi-note11pro-5g-8gb-128gb-trang-1.jpg'], REDMINOTE11PRO5G , Tr?ng , Xiaomi , Trung Quô?c , 44593 , 18 Tháng , Nguy?n Kim , Android 11 , Snapdragon 695 5G 8 nhân , 8GB , 128GB , MicroSD  h? tr? t?i ?a 1 TB ,, AMOLED ," 6.67 "" ", Full HD+ 1080 x 2340 pixels , 16MP , 108 MP  8 MP  2 MP , Có ,, H? tr? 5G , 2 Nano SIM , Wi-Fi 802.11a/b/g/n/ac , v5.1 , GPS L1  Glonass G1  BDS B1  Galileo E1 , Type-C , Có , 5000 mAh , M? khoá vân tay c?nh vi?n  M? khoá khuôn m?t , Nguyên kh?i , Có ,,,, 164.2 x 76.1 x 8.1 mm 
?i?n tho?i Vivo V23e 8GB/128GB ?en,5390000,https://www.nguyenkim.com/dien-thoai-vivo-v23e-8gb-128gb-den.html,['https://cdn.nguyenkimmall.com/images/detailed/766/10050700-dien-thoai-vivo-v23e-8gb-128gb-den-1.jpg'], V23e (V2116) , ?en , Vivo , Trung Qu?c , 2021 , 12 Tháng , Nguy?n Kim , Funtouch OS 12 (Tùy bi?n trên Android 11) , MediaTek Helio G96 , 8GB , 128GB , MicroSD  h? tr? t?i ?a 1 TB , C?m ?ng ?i?n dung ?a ?i?m , AMOLED ," 6.44 "" ", FHD+ 2400×1080 pixels , 50MP , 64MP AF + 8MP (Góc siêu r?ng) + 2MP (Siêu c?n) , ?èn Flash camera sau ,, Có , 1 Nano SIM + 1 Nano SIM / 1 th? nh? Micro SD , 2.4GHz  5GHz , Bluetooth 5.2 , H? tr? , Type-C ,, 4050mAh (TYP) , M? khoá vân tay d??i màn hình , Nguyên kh?i , H? tr? ,,,, 160.87 x 74.28 x 7.41 mm 
?i?n tho?i Samsung Galaxy Z Flip 4 5G 256GB Xanh nh?t,18490000,https://www.nguyenkim.com/dien-thoai-samsung-galaxy-z-flip-4-5g-256gb-xanh-nhat.html,['https://cdn.nguyenkimmall.com/images/detailed/816/10052918-1.jpg'], F721 , Xanh nh?t , Samsung , Vi?t Nam , 2022 , 12 Tháng , Nguy?n Kim , Android 12 , Snapdragon® 8+ Gen 1 , 8 GB , 256 GB ,, Màn hình chính Ultra Thin Glass - Màn hình ph? và m?t l?ng Gorilla Glass Victus+ , Chính Dynamic AMOLED 2X  Ph? Super AMOLED ," Màn hình chính 6.7"" - Màn hình ph? 1.9 "" ", Màn hình chính (FHD+) 2640 x 1080 pixels - Màn hình ph? 260 x 512 pixels , 10 MP , 12 MP + 12 MP , Có , UHD 4K (3840 x 2160)@60fps ,, SIM Kép , 802.11 a/b/g/n/ac/ax 2.4G+5GHz+6GHz  HE160  MIMO  1024-QAM , Bluetooth v5.2 , GPS Glonass Beidou Galileo QZSS , Type-C ,, 3700 mAh , M? khoá vân tay c?nh vi?n  M? khoá khuôn m?t , Nguyên kh?i - Màn hình g?p , Có ,,, Tính n?ng ch?p ?êm Nightography - M?t Th?n Bóng ?êm  Ch? ?? FlexCam  Zoom k? thu?t s? 10x  ch?p hình xóa phông. ?a c?a s? (chia ?ôi màn hình)  Âm thanh Dolby Atmos  T?i ?u game (Game Booster)  Thu nh? màn hình s? d?ng m?t tay  Tr? lý ?o Samsung Bixby  Sam , Khi m? 165.2 x 71.9 x 6.9 mm - Khi g?p 84.9 x 71.9 x 15.9-17.1 mm 
?i?n tho?i Samsung S22 Ultra 8GB/128GB ??,18490000,https://www.nguyenkim.com/dien-thoai-samsung-s22-ultra-8gb-128gb-do.html,['https://cdn.nguyenkimmall.com/images/detailed/787/10051337-1.jpg'], SM-S908E/DS , ?? , Samsung , Viê?t Nam , 2022 , 12 Tháng , Nguy?n Kim , Android 12  One UI 4.1 , Snapdragon 8 Gen 1 , 8GB , 128GB ,, Có , Màn hình Dynamic AMOLED 2X ," 6.8 "" ", Quad HD+ (3088 x 1440) pixels , 40MP , 108MP (chính)  12MP (Góc siêu r?ng)  10MP (Tele)  10MP (Tele) , Có ,,, SIM 1 + SIM 2 or Embedded SIM , 802.11 a/b/g/n/ac/ax 2.4G+5GHz+6GHz  HE160  MIMO  1024-QAM , Bluetooth v5.2 , GPS  Glonass  Beidou  Galileo  QZSS , USB Type-C (USB 3.2 Gen 1) ,, 5000 mAh , M? khóa b?ng vân tay  M? khóa b?ng khuôn m?t , Nguyên kh?i , Ghi âm m?c ??nh  Ghi âm cu?c g?i ,,, Tích h?p s?n bút S-Pen ,
?i?n tho?i Realme 10 8GB/256GB Tr?ng c?c quang,5790000,https://www.nguyenkim.com/dien-thoai-realme-10-trang.html,['https://cdn.nguyenkimmall.com/images/detailed/854/10054662-dien-thoai-realme-10-8gb-256gb-trang-1.jpg'], REALME10 (RMX3630) , Tr?ng c?c quang , Realme , Trung Qu?c , 2023 , 12 Tha?ng , Nguy?n Kim , Android 12  Realme UI 3.0 , Helio G99 , 8 GB , 256 GB , MicroSD  h? tr? t?i ?a 1 TB , Kính th??ng , Super AMOLED ," 6.4 "" ", (FHD+) 1080 x 2400 pixels , 16MP , 50 MP  2 MP , LED flash  HDR  panorama , 1080p@30fps , H? tr? 4G , Dual SIM (Nano-SIM) , Wi-Fi 802.11 a/b/g/n/ac , 5.3  A2DP  LE  aptX HD  aptX Adaptive , GPS/AGPS/Beidou/Glonass/Galileo , USB Type-C 2.0  OTG , Có , 5000 mAh , M? khoá vân tay c?nh vi?n , Nguyên kh?i , Ghi âm m?c ??nh  Ghi âm cu?c g?i ,,,, 159.9 x 73.3 x 8 mm 
?i?n tho?i iPhone 13 128GB Xanh D??ng,16890000,https://www.nguyenkim.com/iphone-13-128gb-xanh-duong.html,['https://cdn.nguyenkimmall.com/images/detailed/756/dien-thoai-iphone-13-128gb-xanh-duong-1.jpg'], iPhone 13 128GB , Xanh d??ng , iPhone , Trung Qu?c , 2021 , 12 Tháng , Nguy?n Kim , iOS 15 , Apple A15 Bionic , 4GB , 128GB ,,, OLED ," 6.1 "" ", 1170 x 2532 pixels , 12MP , 12MP-12MP ,,,,,,,,,,, M? khoá khuôn m?t Face ID , Nguyên kh?i  Khung nhôm & M?t l?ng kính c??ng l?c ,,,,, 147 x 72 x 8 mm 
?i?n tho?i Xiaomi Redmi Note 12 4GB/128GB Xám,4290000,https://www.nguyenkim.com/dien-thoai-xiaomi-redmi-note-12-4gb-128gb-xam.html,['https://cdn.nguyenkimmall.com/images/detailed/867/10055262-dien-thoai-xiaomi-redmi-note-12-4gb-128gb-xam-1.jpg'], REDMINOTE12(4+128) , Xám , Xiaomi , Trung Qu?c , T4.2023 , 18 Tháng , Nguy?n Kim , Android 13 , Snapdragon 685 8 nhân , 4 GB , 128 GB , MicroSD  h? tr? t?i ?a 1 TB ,, AMOLED ," 6.67 "" ", Full HD+ (1080 x 2400) pixels , 13MP , Chính 50 MP & Ph? 8 MP  2 MP , ?èn LED kép , HD 720p@30fps  FullHD 1080p@30fps , H? tr? 4G , 2 Nano Sim , Wi-Fi 802.11 a/b/g/n/ac  Dual-band (2.4 GHz/5 GHz) , v5.0 , GPS  GLONASS  GALILEO , Type-C , Có , 5000mAh , C?m bi?n vân tay  Nh?n di?n khuôn m?t , ?ang c?p nh?t , Có ,,,, 165.66 x 75.96 x 7.85 mm 
?i?n tho?i iPhone 14 128GB Xanh d??ng,19290000,https://www.nguyenkim.com/dien-thoai-iphone-14-128gb-xanh-duong.html,['https://cdn.nguyenkimmall.com/images/detailed/825/01_o4kj-8b.jpg'], iPhone 14 128GB , Xanh d??ng , iPhone , Trung Qu?c , 9/2022 , 12 Tháng , Nguy?n Kim , iOS 16 , Apple A15 Bionic , 6 GB , 128 GB ,, C?m ?ng ?i?n dung ?a ?i?m , OLED ," 6.1 "" ", 1170 x 2532 pixels , 12MP , 12 MP - 12 MP , Có ,,, 1 Nano SIM & 1 eSIM , Wi-Fi 802.11 a/b/g/n/ac/ax  Wi-Fi hotspot  Wi-Fi MIMO , v5.3 , BEIDOU  GALILEO  GLONASS  GPS  QZSS , Lightning ,, 20 gi? , M? khoá khuôn m?t Face ID , Nguyên kh?i , Ghi âm m?c ??nh ,,, Ch?m 2 l?n sáng màn hình  S?c không dây  Phát hi?n va ch?m (Crash Detection)  Apple Pay , 146.7 x 71.5 x 7.8 mm 
?i?n tho?i Xiaomi Redmi 10C 4GB/128GB Xanh lá,3590000,https://www.nguyenkim.com/dien-thoai-xiaomi-redmi-10c-4gb-128gb-xanh-la.html,['https://cdn.nguyenkimmall.com/images/detailed/803/10051858-dien-thoai-xiaomi-redmi-10c-4gb-128gb-xanh-la-1.jpg'], REDMI10C , Xanh lá , Xiaomi , Trung Quô?c , 03/2022 , 18 Tháng , Nguy?n Kim , Android 11 , Snapdragon 680 8 nhân , 4 GB , 128GB , MicroSD  h? tr? t?i ?a 1 TB ,, IPS LCD ," 6.71 "" ", HD+ 720 x 1650 pixels , 5MP , Chính 50 MP  Ph? 2 MP , Có ,, H? tr? 4G , 2 Nano SIM , Wi-Fi 802.11 a/b/g/n/ac  Wi-Fi Direct  Wi-Fi hotspot , v5.0 , GPS  BeiDou  GLONASS , USB Type-C , Có , 5000 mAh , M? khóa b?ng vân tay  M? khóa b?ng khuôn m?t , Nguyên kh?i  Khung và M?t l?ng nh?a , Có ,,, s?c nhanh 18W , 169.6 x 76.6 x 8.3 mm 
?i?n tho?i Nokia G22 4GB/128GB Xanh d??ng,3390000,https://www.nguyenkim.com/dien-thoai-nokia-g22-4gb-128gb-xanh.html,['https://cdn.nguyenkimmall.com/images/detailed/868/10055272-dien-thoai-nokia-g22-4gb-128gb-xanh-1.jpg'], NOKIAG22 (TA-1528) , Xanh d??ng , Nokia , Trung Qu?c , 4.2023 , 12 Tháng , Nguy?n Kim , Android™ 12 , Unisoc T606 , 4 GB , 128GB , M? r?ng RAM ?ê?n 2GB VRAM  M? r?ng th? nh?? MicroSD ?ê?n 2TB , Kính c???ng l??c Corning® Gorilla® Glass 3 , AMOLED ," 6.5 "" ", HD+ (720 x 1600) pixels , 8MP , 50MP (Chính)  2MP (Macro)  2MP (Ca?m biê?n ?? sâu) , LED Flash ,, Có , Nano SIM + Nano SIM ho??c Nano SIM + MicroSD , Wifi 802.11 a/b/g/n/ac  Dual band 2.4GHz /5GHz , v5.0 , GPS/AGPS/GLONASS/BDS/Galileo , Type-C , Có , 5050 mAh , C?m bi?n vân tay  M? khóa khuôn m??t ,,,,,, 165 x 76.19 x 8.48 mm 
?i?n tho?i OPPO A55 4GB/64GB ?en,3590000,https://www.nguyenkim.com/dien-thoai-oppo-a55-4gb-64gb-den.html,['https://cdn.nguyenkimmall.com/images/detailed/755/10050417-dien-thoai-oppo-a55-4gb-64gb-den-1.jpg'], A55 (CPH2325) , ?en , OPPO , Trung Qu?c , 10/2021 , 12 Tháng , Nguy?n Kim , ColorOS 11.1  n?n t?ng Android 11 , MediaTek Helio G35 8 nhân , 4GB , 64GB , MicroSD  h? tr? t?i ?a 256 GB ,," LCD  màn hình ch?m ""O""  Kính c??ng l?c NEG T2X-1  16 tri?u màu "," 6.5 "" ", HD+ (720 x 1600) pixels , 16 MP , 50 MP (chính) + 2 MP (marco) + 2 MP (xóa phông) , ?èn flash sau ,, H? tr? 4G ,, 2.4G/5G  802.11 a/b/g/n/ac , 5.0 , Có , Type-C , Có , 5000mAh (TYP) , C?m bi?n vân tay (c?nh bên) , Nguyên kh?i , Có ,,,, 163.6 x 75.7 x 8.4 mm 
?i?n tho?i Samsung S22 8GB/128GB ?en,13490000,https://www.nguyenkim.com/dien-thoai-samsung-s22-8gb-128gb-den.html,['https://cdn.nguyenkimmall.com/images/detailed/786/10051321-1.jpg'], SM-S901E/DS , ?en , Samsung , Vi?t Nam , 2022 , 12 Tháng , Nguy?n Kim , Android , Qualcomm Snapdragon 8 Gen 1 , 8GB , 128GB ,,, Dynamic AMOLED 2X ," 6.1 "" ", 1080 x 2340 pixels , 10 MP , Chính 50 MP & Ph? 12 MP  10 MP , Có ,,, SIM 1 + SIM 2 or Embedded SIM , 802.11 a/b/g/n/ac/ax 2.4G+5GHz  HE80  MIMO  1024-QAM , v5.2 , GPS  Glonass  Beidou  Galileo  QZSS , Type-C ,, 3.700 mAh , M? khóa vân tay , Nguyên kh?i , Ghi âm m?c ??nh  Ghi âm cu?c g?i , Có ,,, 146 x 70.6 x 7.6 mm 
?i?n tho?i Samsung Galaxy S23 Plus 8GB/256GB ?en,21490000,https://www.nguyenkim.com/dien-thoai-samsung-galaxy-s23-plus-8gb-256gb-den.html,['https://cdn.nguyenkimmall.com/images/detailed/855/10054729.jpg'], S23+ (S916) , ?en , Samsung , Vi?t Nam , T2. 2023 , 12 Tháng , Nguy?n Kim , Android 13  One UI 5.1 , Snapdragon® 8 Gen 2 Mobile Platform , 8GB , 256GB ,,, Màn hình ph?ng FHD+ ," 6.6 "" ", 1080 x 2340 pixels , 12 MP , 50MP (Góc R?ng)  12MP (Góc Siêu R?ng)  10MP(?ng kính Tele) - (Zoom quang h?c 3x  Zoom K? thu?t s? lên t?i 30x) , LED Flash ,,, Nano , 6 GHz  Dual-band (2.4 GHz/5 GHz)  Wi-Fi 802.11 a/b/g/n/ac/ax  Wi-Fi Direct , v5.3 , Có , Type-C ,, 4700mAh , M? khoá khuôn m?t  M? khoá vân tay d??i màn hình , Nguyên kh?i , Ghi âm m?c ??nh  Ghi âm cu?c g?i ,,,, 157.8 x 76.2 x 7.6 mm 
?i?n tho?i iPhone 14 Pro 256GB Vàng,27290000,https://www.nguyenkim.com/dien-thoai-iphone-14-pro-256gb-vang.html,['https://cdn.nguyenkimmall.com/images/detailed/824/vang_jwl5-rx.jpg'], iPhone 14 Pro 256GB , Vàng , iPhone , Trung Qu?c , 2022 , 12 Tháng , Nguy?n Kim , iOS 16 , Apple A16 Bionic , 6GB , 256GB ,, C?m ?ng ?i?n dung ?a ?i?m , OLED ," 6.1 "" ", 1179 x 2556 pixels , 12MP , Chính 48 MP  Ph? 12 MP - 12 MP , Có ,,, 1 Nano SIM & 1 eSIM , Wi-Fi 802.11 a/b/g/n/ac/ax  Wi-Fi hotspot  Wi-Fi MIMO , v5.3 , BEIDOU  GALILEO  GLONASS  GPS  QZSS , Lightning ,, 23 gi? , M? khoá khuôn m?t Face ID , Nguyên kh?i , Ghi âm m?c ??nh ,,, S?c không dây MagSafe  Ch?m 2 l?n sáng màn hình  Màn hình luôn hi?n th? AOD  Phát hi?n va ch?m (Crash Detection)  Apple Pay , 147.5 x 71.5 x 7.85 mm 
?i?n tho?i Samsung A53 5G 128GB Xanh,6300000,https://www.nguyenkim.com/dien-thoai-samsung-a53-5g-128gb-xanh.html,['https://cdn.nguyenkimmall.com/images/detailed/790/10051583-dien-thoai-samsung-a53-5g-128gb-xanh-1.jpg'], SM-A536E/DS , Xanh , Samsung , Vi?t Nam , 03/2022 , 12 Tháng , Nguy?n Kim , Android 12 , Exynos 1280 (8 nhân) , 8GB , 128GB , MicroSD  h? tr? t?i ?a 1 TB ,, Infinity-O Super AMOLED ," 6.5 "" ", Full HD+ (1080 x 2400) pixels , 32 MP , 64MP - 12MP - 5MP - 5MP , Có ,,, 2 Nano SIM (SIM 2 chung khe th? nh?) , Wi-Fi 802.11 a/b/g/n/ac , v5.1 , GPS  Glonass  Beidou  Galileo  QZSS , Type-C ,, 5000 mAh , M? khóa vân tay trên màn hình , Nguyên kh?i , Có ,,,, 159.6 x 74.8 x 8.1 mm 
?i?n tho?i Samsung A53 5G 128GB Cam,7490000,https://www.nguyenkim.com/dien-thoai-samsung-a53-5g-128gb-cam.html,['https://cdn.nguyenkimmall.com/images/detailed/790/10051585-dien-thoai-samsung-a53-5g-128gb-cam-1.jpg'], SM-A536E/DS , Cam , Samsung , Vi?t Nam , 03/2022 , 12 Tháng , Nguy?n Kim , Android 12 , Exynos 1280 (8 nhân) , 8GB , 128GB , MicroSD  h? tr? t?i ?a 1 TB ,, Infinity-O Super AMOLED ," 6.5 "" ", Full HD+ (1080 x 2400) pixels , 32 MP , 64MP - 12MP - 5MP - 5MP , Có ,,, 2 Nano SIM (SIM 2 chung khe th? nh?) , Wi-Fi 802.11 a/b/g/n/ac , v5.1 , GPS  Glonass  Beidou  Galileo  QZSS , Type-C ,, 5000 mAh , M? khóa vân tay trên màn hình , Nguyên kh?i , Có ,,,, 159.6 x 74.8 x 8.1 mm 
?i?n tho?i Xiaomi Redmi 10C 4GB/128GB Xanh D??ng,3590000,https://www.nguyenkim.com/dien-thoai-xiaomi-redmi-10c-4gb-128gb-xanh-duong.html,['https://cdn.nguyenkimmall.com/images/detailed/803/10051856-dien-thoai-xiaomi-redmi-10c-4gb-128gb-xanh-duong-1.jpg'], REDMI10C , Xanh d??ng , Xiaomi , Trung Quô?c , 03/2022 , 18 Tháng , Nguy?n Kim , Android 11 , Snapdragon 680 8 nhân , 4 GB , 128GB , MicroSD  h? tr? t?i ?a 1 TB ,, IPS LCD ," 6.71 "" ", HD+ 720 x 1650 pixels , 5MP , Chính 50 MP  Ph? 2 MP , Có ,, H? tr? 4G , 2 Nano SIM , Wi-Fi 802.11 a/b/g/n/ac  Wi-Fi Direct  Wi-Fi hotspot , v5.0 , GPS  BeiDou  GLONASS , USB Type-C , Có , 5000 mAh , M? khóa b?ng vân tay  M? khóa b?ng khuôn m?t , Nguyên kh?i  Khung và M?t l?ng nh?a , Có ,,, s?c nhanh 18W , 169.6 x 76.6 x 8.3 mm 
?i?n tho?i Xiaomi Redmi Note 12 Pro 8GB/256GB Xám,7990000,https://www.nguyenkim.com/dien-thoai-xiaomi-redmi-note-12-pro-4g-8gb-256gb-xam.html,['https://cdn.nguyenkimmall.com/images/detailed/881/10055604-dien-thoai-xiaomi-redmi-note-12-pro-8gb-256gb-xam-1.jpg'], REDMINOTE12PRO(8+256) , Xám , Xiaomi , Trung Qu?c , 6.2023 , 18 Tháng , Nguy?n Kim , MIUI 13  n?n t?ng Android 11 , Snapdragon® 732G , 8 GB , 256 GB , MicroSD ,, AMOLED ," 6.67 "" ", Full HD+ (1080 x 2400) pixels , 16MP , 108MP+8MP+2MP+2MP ,,, H? tr? 4G , SIM 1 + SIM 2/ MicroSD , Wifi 802.11b/g/n/ac , 5.1 , Có , Type-C , Có , 5000 mAh , Vân tay c?nh bên  M? khóa g??ng m?t AI ,,,,,, 164.2 x 76.1 x 8.12 mm 
?i?n tho?i Samsung Galaxy S23 Plus 8GB/256GB Tím,21490000,https://www.nguyenkim.com/dien-thoai-samsung-galaxy-s23-plus-8gb-256gb-tim.html,['https://cdn.nguyenkimmall.com/images/detailed/855/10054696.jpg'], S23+ (S916) , Tím , Samsung , Vi?t Nam , T2. 2023 , 12 Tháng , Nguy?n Kim , Android 13  One UI 5.1 , Snapdragon® 8 Gen 2 Mobile Platform , 8GB , 256GB ,,, Màn hình ph?ng FHD+ ," 6.6 "" ", 1080 x 2340 pixels , 12 MP , 50MP (Góc R?ng)  12MP (Góc Siêu R?ng)  10MP(?ng kính Tele) - (Zoom quang h?c 3x  Zoom K? thu?t s? lên t?i 30x) , LED Flash ,,, Nano , 6 GHz  Dual-band (2.4 GHz/5 GHz)  Wi-Fi 802.11 a/b/g/n/ac/ax  Wi-Fi Direct , v5.3 , Có , Type-C ,, 4700mAh , M? khoá khuôn m?t  M? khoá vân tay d??i màn hình , Nguyên kh?i , Ghi âm m?c ??nh  Ghi âm cu?c g?i ,,,, 157.8 x 76.2 x 7.6 mm 
?i?n tho?i Xiaomi Redmi Note 12 Pro 8GB/256GB Xanh nh?t,7990000,https://www.nguyenkim.com/dien-thoai-xiaomi-redmi-note-12-pro-4g-8gb-256gb-xanh-nhat.html,['https://cdn.nguyenkimmall.com/images/detailed/881/10055605-dien-thoai-xiaomi-redmi-note-12-pro-8gb-256gb-xanh-nhat-1.jpg'], REDMINOTE12PRO(8+256) , Xanh nh?t , Xiaomi , Trung Qu?c , 6.2023 , 18 Tháng , Nguy?n Kim , MIUI 13  n?n t?ng Android 11 , Snapdragon® 732G , 8 GB , 256 GB , MicroSD ,, AMOLED ," 6.67 "" ", Full HD+ (1080 x 2400) pixels , 16MP , 108MP+8MP+2MP+2MP ,,, H? tr? 4G , SIM 1 + SIM 2/ MicroSD , Wifi 802.11b/g/n/ac , 5.1 , Có , Type-C , Có , 5000 mAh , Vân tay c?nh bên  M? khóa g??ng m?t AI ,,,,,, 164.2 x 76.1 x 8.12 mm 
?i?n tho?i Samsung Galaxy S23 Plus 8GB/256GB Xanh l?c,21490000,https://www.nguyenkim.com/dien-thoai-samsung-galaxy-s23-plus-8gb-256gb-xanh.html,['https://cdn.nguyenkimmall.com/images/detailed/855/10054728.jpg'], S23+ (S916) , Xanh l?c , Samsung , Vi?t Nam , T2. 2023 , 12 Tháng , Nguy?n Kim , Android 13  One UI 5.1 , Snapdragon® 8 Gen 2 Mobile Platform , 8GB , 256GB ,,, Màn hình ph?ng FHD+ ," 6.6 "" ", 1080 x 2340 pixels , 12 MP , 50MP (Góc R?ng)  12MP (Góc Siêu R?ng)  10MP(?ng kính Tele) - (Zoom quang h?c 3x  Zoom K? thu?t s? lên t?i 30x) , LED Flash ,,, Nano , 6 GHz  Dual-band (2.4 GHz/5 GHz)  Wi-Fi 802.11 a/b/g/n/ac/ax  Wi-Fi Direct , v5.3 , Có , Type-C ,, 4700mAh , M? khoá khuôn m?t  M? khoá vân tay d??i màn hình , Nguyên kh?i , Ghi âm m?c ??nh  Ghi âm cu?c g?i ,,,, 157.8 x 76.2 x 7.6 mm 
?i?n tho?i Samsung Galaxy S23 Ultra 12GB/512GB Kem,26990000,https://www.nguyenkim.com/dien-thoai-samsung-galaxy-s23-ultra-12gb-512gb-kem.html,['https://cdn.nguyenkimmall.com/images/detailed/855/10054739.jpg'], S918 , Kem , Samsung , Vi?t Nam , T2. 2023 , 12 Tháng , Nguy?n Kim , Android 13  One UI 5.1 , Snapdragon® 8 Gen 2 Mobile Platform , 12GB , 512GB ,,, Edge Quad HD+ ," 6.8 "" ", 1440 x 3088 pixels , 12 MP , 200MP  12MP  10MP  10MP (Zoom quang h?c 3x và 10x  Zoom K? thu?t s? lên t?i 100x1) , LED Flash ,,, Nano , 6 GHz  Dual-band (2.4 GHz/5 GHz)  Wi-Fi 802.11 a/b/g/n/ac/ax  Wi-Fi Direct , v5.3 , Có , Type-C ,, 5000mAh , M? khoá khuôn m?t  M? khoá vân tay d??i màn hình , Nguyên kh?i , Ghi âm m?c ??nh  Ghi âm cu?c g?i ,,,, 163.4 x 78.1 x 8.9 mm 
?i?n tho?i Xiaomi Redmi 10C 4GB/128GB Xám,3590000,https://www.nguyenkim.com/dien-thoai-xiaomi-redmi-10c-4gb-128gb-xam.html,['https://cdn.nguyenkimmall.com/images/detailed/803/10051853-dien-thoai-xiaomi-redmi-10c-4gb-128gb-xam-1.jpg'], REDMI10C , Xám , Xiaomi , Trung Quô?c , 03/2022 , 18 Tháng , Nguy?n Kim , Android 11 , Snapdragon 680 8 nhân , 4 GB , 128GB , MicroSD  h? tr? t?i ?a 1 TB ,, IPS LCD ," 6.71 "" ", HD+ 720 x 1650 pixels , 5MP , Chính 50 MP  Ph? 2 MP , Có ,, H? tr? 4G , 2 Nano SIM , Wi-Fi 802.11 a/b/g/n/ac  Wi-Fi Direct  Wi-Fi hotspot , v5.0 , GPS  BeiDou  GLONASS , USB Type-C , Có , 5000 mAh , M? khóa b?ng vân tay  M? khóa b?ng khuôn m?t , Nguyên kh?i  Khung và M?t l?ng nh?a , Có ,,, s?c nhanh 18W , 169.6 x 76.6 x 8.3 mm 
?i?n tho?i iPhone 14 Plus 256GB Xanh d??ng,24490000,https://www.nguyenkim.com/dien-thoai-iphone-14-plus-256gb-xanh-duong.html,['https://cdn.nguyenkimmall.com/images/detailed/825/01-xanh_a39m-vt.jpg'], iPhone 14 Plus 256GB , Xanh d??ng , iPhone , Trung Qu?c , 9/2022 , 12 Tháng , Nguy?n Kim , iOS 16 , Apple A15 Bionic , 6 GB , 256 GB ,, C?m ?ng ?i?n dung ?a ?i?m , OLED ," 6.7 "" ", 1284 x 2778 pixels , 12MP , 12 MP - 12 MP , Có ,,, 1 Nano SIM & 1 eSIM , Wi-Fi 802.11 a/b/g/n/ac/ax  Wi-Fi hotspot  Wi-Fi MIMO , v5.3 , BEIDOU  GALILEO  GLONASS  GPS  QZSS , Lightning ,, 26 gi? , M? khoá khuôn m?t Face ID , Nguyên kh?i , Ghi âm m?c ??nh ,,, Ch?m 2 l?n sáng màn hình  S?c không dây  Phát hi?n va ch?m (Crash Detection)  Apple Pay , 160.8 x 78.1 x 7.8 mm 
?i?n tho?i Xiaomi Redmi Note 12 Pro 8GB/256GB Xanh d??ng,7990000,https://www.nguyenkim.com/dien-thoai-xiaomi-redmi-note-12-pro-8gb-256gb-xanh-duong.html,['https://cdn.nguyenkimmall.com/images/detailed/881/10055603-dien-thoai-xiaomi-redmi-note-12-pro-8gb-256gb-xanh-duong-1.jpg'], REDMINOTE12PRO(8+256) , Xanh d??ng , Xiaomi , Trung Qu?c , 6.2023 , 18 Tháng , Nguy?n Kim , MIUI 13  n?n t?ng Android 11 , Snapdragon® 732G , 8 GB , 256 GB , MicroSD ,, AMOLED ," 6.67 "" ", Full HD+ (1080 x 2400) pixels , 16MP , 108MP+8MP+2MP+2MP ,,, H? tr? 4G , SIM 1 + SIM 2/ MicroSD , Wifi 802.11b/g/n/ac , 5.1 , Có , Type-C , Có , 5000 mAh , Vân tay c?nh bên  M? khóa g??ng m?t AI ,,,,,, 164.2 x 76.1 x 8.12 mm 
?i?n tho?i OPPO A16K 3GB/32GB Xanh,2590000,https://www.nguyenkim.com/dien-thoai-oppo-a16k-xanh.html,['https://cdn.nguyenkimmall.com/images/detailed/771/10050851-dien-thoai-oppo-a16k-3gb-32gb-xanh-1.jpg'], A16K (CPH2349) , Xanh , OPPO , Trung Qu?c , 2021 , 12 Tháng , Nguy?n Kim , ColorOS 11  n?n t?ng Android 11 , Helio G35 8 nhân  t?i ?a 2.3GHz , 3GB , 32GB , H? tr? th? nh? t?i ?a 1TB ,, LCD  Corning Gorilla Glass 3  màn hình gi?t n??c  16 tri?u màu ," 6.52 "" ", (HD+) 720 x 1600 pixels , 5 MP , 13 MP , ?èn flash sau ,, H? tr? 4G , Dual nano-SIM + 1 khe th? nh? , Wi-Fi 802.11 a/b/g/n/ac , 5.0 , Có , Micro USB , Có , 4230mAh (Typ) , M? khoá khuôn m?t , Nguyên kh?i , Có ,,,, 164 x 75.4 x 7.85 mm 
?i?n tho?i Nokia G11 Plus 3GB/64GB Xám,2490000,https://www.nguyenkim.com/dien-thoai-nokia-g11-plus-3gb-64gb-xam.html,['https://cdn.nguyenkimmall.com/images/detailed/823/10053245-dien-thoai-nokia-g11-plus-3gb-64gb-xam-1.jpg'], NOKIAG11 , Xám , Nokia , Trung Quô?c , 08/2022 , 12 Tháng , Nguy?n Kim , Android™ 12 , Unisoc T606 (12 nm) , 3 GB , 64 GB , H? tr? th? MicroSD lên ??n 512 GB ,, TFT LCD ," 6.5 "" ", HD+ (720 x 1600) pixels , 8MP  FF (f/2.0) , 50MP Chính AF (f/1.8) + 2MP Chi?u sâu FF , ?èn Flash camera sau ,, H? tr? 4G , Nano , 802.11 a/b/g/n/ac (2.4/5G dual band) , Bluetooth 5.0 , GPS/AGPS , USB Type-C (USB 2.0) OTG , Có , 5000mAh , M? khóa b?ng vân tay  M? khóa b?ng khuôn m?t , Nguyên kh?i , Có , Có ,,, 164.8 x 75.9 x 8.55 mm 
?i?n tho?i Nokia C21 Plus 2GB/64GB Xanh Thiên Th?ch,1790000,https://www.nguyenkim.com/dien-thoai-nokia-c21-plus-2gb-64gb-xanh-thien-thach.html,['https://cdn.nguyenkimmall.com/images/detailed/803/10052242-dien-thoai-nokia-c21-plus-2gb-64gb-xanh-thien-thach-1.jpg'], NOKIAC21PLUS2/64 , Xanh Thiên Th?ch , Nokia , Trung Quô?c , 2022 , 12 Tháng , Nguy?n Kim , Android 11 (Go Edition) , Unisoc SC9863A , 2 GB , 64 GB ,,, TFT LCD ," 6.5 "" ", HD+ (720 x 1600) pixels , 5 MP , 13 MP + 2 MP , Có ,, H? tr? 4G , 2 Nano SIM + 1 Micro SD , WIFI 802.11 b/g/n , Bluetooth® 4.2 , GPS/AGPS , USB Micro (USB 2.0) , Có , 5050 mAh | Pin li?n , M? khóa b?ng vân tay  M? khóa b?ng khuôn m?t , Nguyên kh?i ,,,,, 164.8 x 75.9 x 8.55 mm 
?i?n tho?i iPhone 14 Pro Max 128GB ?en,26490000,https://www.nguyenkim.com/dien-thoai-iphone-14-pro-max-128gb-den.html,['https://cdn.nguyenkimmall.com/images/detailed/824/den.jpg'], iPhone 14 Pro Max 128GB , ?en , iPhone , Trung Qu?c , 9/2022 , 12 Tháng , Nguy?n Kim , iOS 16 , Apple A16 Bionic 6 nhân , 6 GB , 128 GB ,, C?m ?ng ?i?n dung ?a ?i?m , OLED ," 6.7 "" ", 1290 x 2796 pixels , 12MP , Chính 48 MP  Ph? 12 MP - 12 MP , Có ,,, 1 Nano SIM & 1 eSIM , Wi-Fi 802.11 a/b/g/n/ac/ax  Wi-Fi hotspot  Wi-Fi MIMO , v5.3 , BEIDOU  GALILEO  GLONASS  GPS  QZSS , Lightning ,, 29 gi? , M? khoá khuôn m?t Face ID , Nguyên kh?i , Ghi âm m?c ??nh ,,, S?c không dây MagSafe  Ch?m 2 l?n sáng màn hình  Màn hình luôn hi?n th? AOD  Phát hi?n va ch?m (Crash Detection)  Apple Pay , 160.7 x 77.6 x 7.85 mm 
