name,color,model,price,Màn hình:,Hệ điều hành:,Camera sau:,Camera trước:,Chip:,RAM:,Dung lượng lưu trữ:,SIM:,"Pin, Sạc:",Danh bạ:,Thẻ nhớ:,Radio FM:,Jack cắm tai nghe:,Pin:
Điện thoại Samsung Galaxy A14 4GB,Bạc,4GB,3.990.000₫ ,"PLS LCD, 6.6"", Full HD+",Android 13,"Chính 50 MP & Phụ 5 MP, 2 MP",13 MP,Exynos 850,4 GB,128 GB,"2 Nano SIM, Hỗ trợ 4G","5000 mAh, 15 W",,,,,
Điện thoại Samsung Galaxy A14 4GB,Đen,4GB,3.990.000₫ ,"PLS LCD, 6.6"", Full HD+",Android 13,"Chính 50 MP & Phụ 5 MP, 2 MP",13 MP,Exynos 850,4 GB,128 GB,"2 Nano SIM, Hỗ trợ 4G","5000 mAh, 15 W",,,,,
Điện thoại Samsung Galaxy A14 4GB,Đỏ đô,4GB,3.990.000₫ ,"PLS LCD, 6.6"", Full HD+",Android 13,"Chính 50 MP & Phụ 5 MP, 2 MP",13 MP,Exynos 850,4 GB,128 GB,"2 Nano SIM, Hỗ trợ 4G","5000 mAh, 15 W",,,,,
Điện thoại Samsung Galaxy A14 6GB,Đen,6GB,4.090.000₫ ,"PLS LCD, 6.6"", Full HD+",Android 13,"Chính 50 MP & Phụ 5 MP, 2 MP",13 MP,Exynos 850,6 GB,128 GB,"2 Nano SIM, Hỗ trợ 4G","5000 mAh, 15 W",,,,,
Điện thoại Samsung Galaxy A14 6GB,Đỏ đô,6GB,4.090.000₫ ,"PLS LCD, 6.6"", Full HD+",Android 13,"Chính 50 MP & Phụ 5 MP, 2 MP",13 MP,Exynos 850,6 GB,128 GB,"2 Nano SIM, Hỗ trợ 4G","5000 mAh, 15 W",,,,,
Điện thoại Samsung Galaxy A14 6GB,Bạc,6GB,4.090.000₫ ,"PLS LCD, 6.6"", Full HD+",Android 13,"Chính 50 MP & Phụ 5 MP, 2 MP",13 MP,Exynos 850,6 GB,128 GB,"2 Nano SIM, Hỗ trợ 4G","5000 mAh, 15 W",,,,,
Điện thoại OPPO Find N2 Flip 5G,Tím,,19.990.000₫ ,"AMOLED, Chính 6.8"" & Phụ 3.26"", Full HD+",Android 13,Chính 50 MP & Phụ 8 MP,32 MP,MediaTek Dimensity 9000+ 8 nhân,8 GB,256 GB,"2 Nano SIM, Hỗ trợ 5G","4300 mAh, 44 W",,,,,
Điện thoại OPPO Find N2 Flip 5G,Đen,,19.990.000₫ ,"AMOLED, Chính 6.8"" & Phụ 3.26"", Full HD+",Android 13,Chính 50 MP & Phụ 8 MP,32 MP,MediaTek Dimensity 9000+ 8 nhân,8 GB,256 GB,"2 Nano SIM, Hỗ trợ 5G","4300 mAh, 44 W",,,,,
Điện thoại iPhone 14 Pro Max 128GB,Đen,128GB,,"OLED, 6.7"", Super Retina XDR",iOS 16,"Chính 48 MP & Phụ 12 MP, 12 MP",12 MP,Apple A16 Bionic,6 GB,128 GB,"1 Nano SIM & 1 eSIM, Hỗ trợ 5G","4323 mAh, 20 W",,,,,
Điện thoại iPhone 14 Pro Max 128GB,Bạc,128GB,,"OLED, 6.7"", Super Retina XDR",iOS 16,"Chính 48 MP & Phụ 12 MP, 12 MP",12 MP,Apple A16 Bionic,6 GB,128 GB,"1 Nano SIM & 1 eSIM, Hỗ trợ 5G","4323 mAh, 20 W",,,,,
Điện thoại iPhone 14 Pro Max 128GB,Vàng,128GB,,"OLED, 6.7"", Super Retina XDR",iOS 16,"Chính 48 MP & Phụ 12 MP, 12 MP",12 MP,Apple A16 Bionic,6 GB,128 GB,"1 Nano SIM & 1 eSIM, Hỗ trợ 5G","4323 mAh, 20 W",,,,,
Điện thoại iPhone 14 Pro Max 128GB,Tím,128GB,,"OLED, 6.7"", Super Retina XDR",iOS 16,"Chính 48 MP & Phụ 12 MP, 12 MP",12 MP,Apple A16 Bionic,6 GB,128 GB,"1 Nano SIM & 1 eSIM, Hỗ trợ 5G","4323 mAh, 20 W",,,,,
Điện thoại iPhone 14 Pro Max 256GB,Đen,256GB,,"OLED, 6.7"", Super Retina XDR",iOS 16,"Chính 48 MP & Phụ 12 MP, 12 MP",12 MP,Apple A16 Bionic,6 GB,256 GB,"1 Nano SIM & 1 eSIM, Hỗ trợ 5G","4323 mAh, 20 W",,,,,
Điện thoại iPhone 14 Pro Max 256GB,Tím,256GB,,"OLED, 6.7"", Super Retina XDR",iOS 16,"Chính 48 MP & Phụ 12 MP, 12 MP",12 MP,Apple A16 Bionic,6 GB,256 GB,"1 Nano SIM & 1 eSIM, Hỗ trợ 5G","4323 mAh, 20 W",,,,,
Điện thoại iPhone 14 Pro Max 256GB,Vàng,256GB,,"OLED, 6.7"", Super Retina XDR",iOS 16,"Chính 48 MP & Phụ 12 MP, 12 MP",12 MP,Apple A16 Bionic,6 GB,256 GB,"1 Nano SIM & 1 eSIM, Hỗ trợ 5G","4323 mAh, 20 W",,,,,
Điện thoại iPhone 14 Pro Max 256GB,Bạc,256GB,,"OLED, 6.7"", Super Retina XDR",iOS 16,"Chính 48 MP & Phụ 12 MP, 12 MP",12 MP,Apple A16 Bionic,6 GB,256 GB,"1 Nano SIM & 1 eSIM, Hỗ trợ 5G","4323 mAh, 20 W",,,,,
Điện thoại iPhone 14 Pro Max 512GB,Tím,512GB,,"OLED, 6.7"", Super Retina XDR",iOS 16,"Chính 48 MP & Phụ 12 MP, 12 MP",12 MP,Apple A16 Bionic,6 GB,512 GB,"1 Nano SIM & 1 eSIM, Hỗ trợ 5G","4323 mAh, 20 W",,,,,
Điện thoại iPhone 14 Pro Max 512GB,Vàng,512GB,,"OLED, 6.7"", Super Retina XDR",iOS 16,"Chính 48 MP & Phụ 12 MP, 12 MP",12 MP,Apple A16 Bionic,6 GB,512 GB,"1 Nano SIM & 1 eSIM, Hỗ trợ 5G","4323 mAh, 20 W",,,,,
Điện thoại iPhone 14 Pro Max 512GB,Đen,512GB,,"OLED, 6.7"", Super Retina XDR",iOS 16,"Chính 48 MP & Phụ 12 MP, 12 MP",12 MP,Apple A16 Bionic,6 GB,512 GB,"1 Nano SIM & 1 eSIM, Hỗ trợ 5G","4323 mAh, 20 W",,,,,
Điện thoại iPhone 14 Pro Max 512GB,Bạc,512GB,,"OLED, 6.7"", Super Retina XDR",iOS 16,"Chính 48 MP & Phụ 12 MP, 12 MP",12 MP,Apple A16 Bionic,6 GB,512 GB,"1 Nano SIM & 1 eSIM, Hỗ trợ 5G","4323 mAh, 20 W",,,,,
Điện thoại iPhone 14 Pro Max 1TB,Tím,1TB,,"OLED, 6.7"", Super Retina XDR",iOS 16,"Chính 48 MP & Phụ 12 MP, 12 MP",12 MP,Apple A16 Bionic,6 GB,1 TB,"1 Nano SIM & 1 eSIM, Hỗ trợ 5G","4323 mAh, 20 W",,,,,
Điện thoại iPhone 14 Pro Max 1TB,Vàng,1TB,,"OLED, 6.7"", Super Retina XDR",iOS 16,"Chính 48 MP & Phụ 12 MP, 12 MP",12 MP,Apple A16 Bionic,6 GB,1 TB,"1 Nano SIM & 1 eSIM, Hỗ trợ 5G","4323 mAh, 20 W",,,,,
Điện thoại iPhone 14 Pro Max 1TB,Đen,1TB,,"OLED, 6.7"", Super Retina XDR",iOS 16,"Chính 48 MP & Phụ 12 MP, 12 MP",12 MP,Apple A16 Bionic,6 GB,1 TB,"1 Nano SIM & 1 eSIM, Hỗ trợ 5G","4323 mAh, 20 W",,,,,
Điện thoại iPhone 14 Pro 128GB,Vàng,128GB,,"OLED, 6.1"", Super Retina XDR",iOS 16,"Chính 48 MP & Phụ 12 MP, 12 MP",12 MP,Apple A16 Bionic,6 GB,128 GB,"1 Nano SIM & 1 eSIM, Hỗ trợ 5G","3200 mAh, 20 W",,,,,
Điện thoại iPhone 14 Pro 128GB,Bạc,128GB,,"OLED, 6.1"", Super Retina XDR",iOS 16,"Chính 48 MP & Phụ 12 MP, 12 MP",12 MP,Apple A16 Bionic,6 GB,128 GB,"1 Nano SIM & 1 eSIM, Hỗ trợ 5G","3200 mAh, 20 W",,,,,
Điện thoại iPhone 14 Pro 128GB,Tím,128GB,,"OLED, 6.1"", Super Retina XDR",iOS 16,"Chính 48 MP & Phụ 12 MP, 12 MP",12 MP,Apple A16 Bionic,6 GB,128 GB,"1 Nano SIM & 1 eSIM, Hỗ trợ 5G","3200 mAh, 20 W",,,,,
Điện thoại iPhone 14 Pro 128GB,Đen,128GB,25.490.000₫ ,"OLED, 6.1"", Super Retina XDR",iOS 16,"Chính 48 MP & Phụ 12 MP, 12 MP",12 MP,Apple A16 Bionic,6 GB,128 GB,"1 Nano SIM & 1 eSIM, Hỗ trợ 5G","3200 mAh, 20 W",,,,,
Điện thoại iPhone 14 Pro 256GB,Vàng,256GB,,"OLED, 6.1"", Super Retina XDR",iOS 16,"Chính 48 MP & Phụ 12 MP, 12 MP",12 MP,Apple A16 Bionic,6 GB,256 GB,"1 Nano SIM & 1 eSIM, Hỗ trợ 5G","3200 mAh, 20 W",,,,,
Điện thoại iPhone 14 Pro 256GB,Bạc,256GB,27.990.000₫ ,"OLED, 6.1"", Super Retina XDR",iOS 16,"Chính 48 MP & Phụ 12 MP, 12 MP",12 MP,Apple A16 Bionic,6 GB,256 GB,"1 Nano SIM & 1 eSIM, Hỗ trợ 5G","3200 mAh, 20 W",,,,,
Điện thoại iPhone 14 Pro 256GB,Đen,256GB,27.990.000₫ ,"OLED, 6.1"", Super Retina XDR",iOS 16,"Chính 48 MP & Phụ 12 MP, 12 MP",12 MP,Apple A16 Bionic,6 GB,256 GB,"1 Nano SIM & 1 eSIM, Hỗ trợ 5G","3200 mAh, 20 W",,,,,
Điện thoại iPhone 14 Pro 256GB,Tím,256GB,,"OLED, 6.1"", Super Retina XDR",iOS 16,"Chính 48 MP & Phụ 12 MP, 12 MP",12 MP,Apple A16 Bionic,6 GB,256 GB,"1 Nano SIM & 1 eSIM, Hỗ trợ 5G","3200 mAh, 20 W",,,,,
Điện thoại iPhone 14 Pro 512GB,,512GB,33.490.000₫ ,"OLED, 6.1"", Super Retina XDR",iOS 16,"Chính 48 MP & Phụ 12 MP, 12 MP",12 MP,Apple A16 Bionic,6 GB,512 GB,"1 Nano SIM & 1 eSIM, Hỗ trợ 5G","3200 mAh, 20 W",,,,,
Điện thoại Vivo Y36,Xanh ngọc,,6.990.000₫ ,"IPS LCD, 6.64"", Full HD+",Android 13,Chính 50 MP & Phụ 2 MP,16 MP,Snapdragon 680,8 GB,256 GB,"2 Nano SIM, Hỗ trợ 4G","5000 mAh, 44 W",,,,,
Điện thoại Vivo Y36,Đen,,6.990.000₫ ,"IPS LCD, 6.64"", Full HD+",Android 13,Chính 50 MP & Phụ 2 MP,16 MP,Snapdragon 680,8 GB,256 GB,"2 Nano SIM, Hỗ trợ 4G","5000 mAh, 44 W",,,,,
Điện thoại Samsung Galaxy A24 6GB,Đen,6GB,5.890.000₫ ,"Super AMOLED, 6.5"", Full HD+",Android 13,"Chính 50 MP & Phụ 5 MP, 2 MP",13 MP,MediaTek Helio G99,6 GB,128 GB,"2 Nano SIM, Hỗ trợ 4G","5000 mAh, 25 W",,,,,
Điện thoại Samsung Galaxy A24 6GB,Xanh lá nhạt,6GB,5.890.000₫ ,"Super AMOLED, 6.5"", Full HD+",Android 13,"Chính 50 MP & Phụ 5 MP, 2 MP",13 MP,MediaTek Helio G99,6 GB,128 GB,"2 Nano SIM, Hỗ trợ 4G","5000 mAh, 25 W",,,,,
Điện thoại Samsung Galaxy A24 8GB,Xanh lá nhạt,8GB,6.390.000₫ ,"Super AMOLED, 6.5"", Full HD+",Android 13,"Chính 50 MP & Phụ 5 MP, 2 MP",13 MP,MediaTek Helio G99,8 GB,128 GB,"2 Nano SIM, Hỗ trợ 4G","5000 mAh, 25 W",,,,,
Điện thoại Samsung Galaxy A24 8GB,Đen,8GB,6.390.000₫ ,"Super AMOLED, 6.5"", Full HD+",Android 13,"Chính 50 MP & Phụ 5 MP, 2 MP",13 MP,MediaTek Helio G99,8 GB,128 GB,"2 Nano SIM, Hỗ trợ 4G","5000 mAh, 25 W",,,,,
Điện thoại Xiaomi Redmi 12C 64GB,Xám,64GB,2.990.000₫ *,"IPS LCD, 6.71"", HD+",Android 12,Chính 50 MP & Phụ QVGA,5 MP,MediaTek Helio G85,4 GB,64 GB,"2 Nano SIM, Hỗ trợ 4G","5000 mAh, 10 W",,,,,
Điện thoại Xiaomi Redmi 12C 64GB,Xanh Dương,64GB,2.990.000₫ *,"IPS LCD, 6.71"", HD+",Android 12,Chính 50 MP & Phụ QVGA,5 MP,MediaTek Helio G85,4 GB,64 GB,"2 Nano SIM, Hỗ trợ 4G","5000 mAh, 10 W",,,,,
Điện thoại Xiaomi Redmi 12C 64GB,Xanh lá,64GB,2.990.000₫ *,"IPS LCD, 6.71"", HD+",Android 12,Chính 50 MP & Phụ QVGA,5 MP,MediaTek Helio G85,4 GB,64 GB,"2 Nano SIM, Hỗ trợ 4G","5000 mAh, 10 W",,,,,
Điện thoại Xiaomi Redmi 12C 128GB,Xám,128GB,3.190.000₫ ,"IPS LCD, 6.71"", HD+",Android 12,Chính 50 MP & Phụ QVGA,5 MP,MediaTek Helio G85,4 GB,128 GB,"2 Nano SIM, Hỗ trợ 4G","5000 mAh, 10 W",,,,,
Điện thoại Xiaomi Redmi 12C 128GB,Xanh Dương,128GB,3.190.000₫ ,"IPS LCD, 6.71"", HD+",Android 12,Chính 50 MP & Phụ QVGA,5 MP,MediaTek Helio G85,4 GB,128 GB,"2 Nano SIM, Hỗ trợ 4G","5000 mAh, 10 W",,,,,
Điện thoại Xiaomi Redmi 12C 128GB,Xanh lá,128GB,3.190.000₫ ,"IPS LCD, 6.71"", HD+",Android 12,Chính 50 MP & Phụ QVGA,5 MP,MediaTek Helio G85,4 GB,128 GB,"2 Nano SIM, Hỗ trợ 4G","5000 mAh, 10 W",,,,,
Điện thoại Samsung Galaxy S21 FE 5G (6GB/128GB),Xanh lá nhạt,6GB - 128GB,9.990.000₫ ,"Dynamic AMOLED 2X, 6.4"", Full HD+",Android 12,"Chính 12 MP & Phụ 12 MP, 8 MP",32 MP,Exynos 2100,6 GB,128 GB,"2 Nano SIM, Hỗ trợ 5G","4500 mAh, 25 W",,,,,
Điện thoại Samsung Galaxy S21 FE 5G (6GB/128GB),Xám đậm,6GB - 128GB,9.990.000₫ ,"Dynamic AMOLED 2X, 6.4"", Full HD+",Android 12,"Chính 12 MP & Phụ 12 MP, 8 MP",32 MP,Exynos 2100,6 GB,128 GB,"2 Nano SIM, Hỗ trợ 5G","4500 mAh, 25 W",,,,,
Điện thoại Samsung Galaxy S21 FE 5G (8GB/128GB),Xám đậm,8GB - 128GB,11.490.000₫ ,"Dynamic AMOLED 2X, 6.4"", Full HD+",Android 12,"Chính 12 MP & Phụ 12 MP, 8 MP",32 MP,Exynos 2100,8 GB,128 GB,"2 Nano SIM, Hỗ trợ 5G","4500 mAh, 25 W",,,,,
Điện thoại Samsung Galaxy S21 FE 5G (8GB/128GB),Tím nhạt,8GB - 128GB,11.490.000₫ ,"Dynamic AMOLED 2X, 6.4"", Full HD+",Android 12,"Chính 12 MP & Phụ 12 MP, 8 MP",32 MP,Exynos 2100,8 GB,128 GB,"2 Nano SIM, Hỗ trợ 5G","4500 mAh, 25 W",,,,,
Điện thoại Samsung Galaxy S21 FE 5G (8GB/128GB),Xanh lá nhạt,8GB - 128GB,11.490.000₫ ,"Dynamic AMOLED 2X, 6.4"", Full HD+",Android 12,"Chính 12 MP & Phụ 12 MP, 8 MP",32 MP,Exynos 2100,8 GB,128 GB,"2 Nano SIM, Hỗ trợ 5G","4500 mAh, 25 W",,,,,
Điện thoại Samsung Galaxy S21 FE 5G (8GB/256GB),Xanh lá nhạt,8GB - 256GB,13.490.000₫ ,"Dynamic AMOLED 2X, 6.4"", Full HD+",Android 12,"Chính 12 MP & Phụ 12 MP, 8 MP",32 MP,Exynos 2100,8 GB,256 GB,"2 Nano SIM, Hỗ trợ 5G","4500 mAh, 25 W",,,,,
Điện thoại Samsung Galaxy S21 FE 5G (8GB/256GB),Tím nhạt,8GB - 256GB,13.490.000₫ ,"Dynamic AMOLED 2X, 6.4"", Full HD+",Android 12,"Chính 12 MP & Phụ 12 MP, 8 MP",32 MP,Exynos 2100,8 GB,256 GB,"2 Nano SIM, Hỗ trợ 5G","4500 mAh, 25 W",,,,,
Điện thoại Samsung Galaxy S21 FE 5G (8GB/256GB),Xám đậm,8GB - 256GB,13.490.000₫ ,"Dynamic AMOLED 2X, 6.4"", Full HD+",Android 12,"Chính 12 MP & Phụ 12 MP, 8 MP",32 MP,Exynos 2100,8 GB,256 GB,"2 Nano SIM, Hỗ trợ 5G","4500 mAh, 25 W",,,,,
Điện thoại Samsung Galaxy S21 FE 5G (8GB/256GB),Trắng,8GB - 256GB,13.490.000₫ ,"Dynamic AMOLED 2X, 6.4"", Full HD+",Android 12,"Chính 12 MP & Phụ 12 MP, 8 MP",32 MP,Exynos 2100,8 GB,256 GB,"2 Nano SIM, Hỗ trợ 5G","4500 mAh, 25 W",,,,,
Điện thoại iPhone 11 64GB,Trắng,64GB,,"IPS LCD, 6.1"", Liquid Retina",iOS 15,2 camera 12 MP,12 MP,Apple A13 Bionic,4 GB,64 GB,"1 Nano SIM & 1 eSIM, Hỗ trợ 4G","3110 mAh, 18 W",,,,,
Điện thoại iPhone 11 64GB,Đen,64GB,10.690.000₫ ,"IPS LCD, 6.1"", Liquid Retina",iOS 15,2 camera 12 MP,12 MP,Apple A13 Bionic,4 GB,64 GB,"1 Nano SIM & 1 eSIM, Hỗ trợ 4G","3110 mAh, 18 W",,,,,
Điện thoại iPhone 11 128GB,Đen,128GB,12.490.000₫ ,"IPS LCD, 6.1"", Liquid Retina",iOS 15,2 camera 12 MP,12 MP,Apple A13 Bionic,4 GB,128 GB,"1 Nano SIM & 1 eSIM, Hỗ trợ 4G","3110 mAh, 18 W",,,,,
Điện thoại iPhone 11 128GB,Trắng,128GB,12.490.000₫ ,"IPS LCD, 6.1"", Liquid Retina",iOS 15,2 camera 12 MP,12 MP,Apple A13 Bionic,4 GB,128 GB,"1 Nano SIM & 1 eSIM, Hỗ trợ 4G","3110 mAh, 18 W",,,,,
Điện thoại Xiaomi Redmi Note 12 4GB,Xanh lá,4GB - 128GB,4.590.000₫ ,"AMOLED, 6.67"", Full HD+",Android 13,"Chính 50 MP & Phụ 8 MP, 2 MP",13 MP,Snapdragon 685 8 nhân,4 GB,128 GB,"2 Nano SIM, Hỗ trợ 4G","5000 mAh, 33 W",,,,,
Điện thoại Xiaomi Redmi Note 12 4GB,Xám,4GB - 128GB,4.590.000₫ ,"AMOLED, 6.67"", Full HD+",Android 13,"Chính 50 MP & Phụ 8 MP, 2 MP",13 MP,Snapdragon 685 8 nhân,4 GB,128 GB,"2 Nano SIM, Hỗ trợ 4G","5000 mAh, 33 W",,,,,
Điện thoại Xiaomi Redmi Note 12 4GB,Xanh Dương,4GB - 128GB,4.590.000₫ ,"AMOLED, 6.67"", Full HD+",Android 13,"Chính 50 MP & Phụ 8 MP, 2 MP",13 MP,Snapdragon 685 8 nhân,4 GB,128 GB,"2 Nano SIM, Hỗ trợ 4G","5000 mAh, 33 W",,,,,
Điện thoại Xiaomi Redmi Note 12 8GB,Xám,8GB - 128GB,5.390.000₫ ,"AMOLED, 6.67"", Full HD+",Android 13,"Chính 50 MP & Phụ 8 MP, 2 MP",13 MP,Snapdragon 685 8 nhân,8 GB,128 GB,"2 Nano SIM, Hỗ trợ 4G","5000 mAh, 33 W",,,,,
Điện thoại Xiaomi Redmi Note 12 8GB,Xanh Dương,8GB - 128GB,5.390.000₫ ,"AMOLED, 6.67"", Full HD+",Android 13,"Chính 50 MP & Phụ 8 MP, 2 MP",13 MP,Snapdragon 685 8 nhân,8 GB,128 GB,"2 Nano SIM, Hỗ trợ 4G","5000 mAh, 33 W",,,,,
Điện thoại Xiaomi Redmi Note 12 8GB,Xanh lá,8GB - 128GB,5.390.000₫ ,"AMOLED, 6.67"", Full HD+",Android 13,"Chính 50 MP & Phụ 8 MP, 2 MP",13 MP,Snapdragon 685 8 nhân,8 GB,128 GB,"2 Nano SIM, Hỗ trợ 4G","5000 mAh, 33 W",,,,,
Điện thoại Vivo V27e,Tím,,8.690.000₫ ,"AMOLED, 6.62"", Full HD+",Android 13,"Chính 64 MP & Phụ 2 MP, 2 MP",32 MP,MediaTek Helio G99,8 GB,256 GB,"2 Nano SIM, Hỗ trợ 4G","4600 mAh, 66 W",,,,,
Điện thoại Vivo V27e,Đen,,8.690.000₫ ,"AMOLED, 6.62"", Full HD+",Android 13,"Chính 64 MP & Phụ 2 MP, 2 MP",32 MP,MediaTek Helio G99,8 GB,256 GB,"2 Nano SIM, Hỗ trợ 4G","4600 mAh, 66 W",,,,,
Điện thoại OPPO Reno8 T 5G 256GB,Vàng đồng,8GB - 256GB,10.990.000₫ ,"AMOLED, 6.7"", Full HD+",Android 13,"Chính 108 MP & Phụ 2 MP, 2 MP",32 MP,Snapdragon 695 5G,8 GB,256 GB,"2 Nano SIM (SIM 2 chung khe thẻ nhớ), Hỗ trợ 5G","4800 mAh, 67 W",,,,,
Điện thoại OPPO Reno8 T 5G 256GB,Đen,8GB - 256GB,10.990.000₫ ,"AMOLED, 6.7"", Full HD+",Android 13,"Chính 108 MP & Phụ 2 MP, 2 MP",32 MP,Snapdragon 695 5G,8 GB,256 GB,"2 Nano SIM (SIM 2 chung khe thẻ nhớ), Hỗ trợ 5G","4800 mAh, 67 W",,,,,
Điện thoại OPPO Reno8 T 5G 128GB,Đen,8GB - 128GB,9.990.000₫,"AMOLED, 6.7"", Full HD+",Android 13,"Chính 108 MP & Phụ 2 MP, 2 MP",32 MP,Snapdragon 695 5G,8 GB,128 GB,"2 Nano SIM (SIM 2 chung khe thẻ nhớ), Hỗ trợ 5G","4800 mAh, 67 W",,,,,
Điện thoại OPPO Reno8 T 5G 128GB,Vàng đồng,8GB - 128GB,9.990.000₫,"AMOLED, 6.7"", Full HD+",Android 13,"Chính 108 MP & Phụ 2 MP, 2 MP",32 MP,Snapdragon 695 5G,8 GB,128 GB,"2 Nano SIM (SIM 2 chung khe thẻ nhớ), Hỗ trợ 5G","4800 mAh, 67 W",,,,,
Điện thoại realme C55 6GB,Vàng,6GB - 128GB,,"IPS LCD, 6.72"", Full HD+",Android 13,Chính 64 MP & Phụ 2 MP,8 MP,MediaTek Helio G88,6 GB,128 GB,"2 Nano SIM, Hỗ trợ 4G","5000 mAh, 33 W",,,,,
Điện thoại realme C55 6GB,Đen,6GB - 128GB,,"IPS LCD, 6.72"", Full HD+",Android 13,Chính 64 MP & Phụ 2 MP,8 MP,MediaTek Helio G88,6 GB,128 GB,"2 Nano SIM, Hỗ trợ 4G","5000 mAh, 33 W",,,,,
Điện thoại realme C55 8GB,Vàng,8GB - 256GB,,"IPS LCD, 6.72"", Full HD+",Android 13,Chính 64 MP & Phụ 2 MP,8 MP,MediaTek Helio G88,8 GB,256 GB,"2 Nano SIM, Hỗ trợ 4G","5000 mAh, 33 W",,,,,
Điện thoại realme C55 8GB,Đen,8GB - 256GB,,"IPS LCD, 6.72"", Full HD+",Android 13,Chính 64 MP & Phụ 2 MP,8 MP,MediaTek Helio G88,8 GB,256 GB,"2 Nano SIM, Hỗ trợ 4G","5000 mAh, 33 W",,,,,
Điện thoại Samsung Galaxy S23 Ultra 5G 256GB,Xanh rêu,8GB - 256GB,26.990.000₫ ,"Dynamic AMOLED 2X, 6.8"", Quad HD+ (2K+)",Android 13,"Chính 200 MP & Phụ 12 MP, 10 MP, 10 MP",12 MP,Snapdragon 8 Gen 2 8 nhân,8 GB,256 GB,"2 Nano SIM hoặc 1 Nano SIM + 1 eSIM, Hỗ trợ 5G","5000 mAh, 45 W",,,,,
Điện thoại Samsung Galaxy S23 Ultra 5G 256GB,Tím nhạt,8GB - 256GB,26.990.000₫ ,"Dynamic AMOLED 2X, 6.8"", Quad HD+ (2K+)",Android 13,"Chính 200 MP & Phụ 12 MP, 10 MP, 10 MP",12 MP,Snapdragon 8 Gen 2 8 nhân,8 GB,256 GB,"2 Nano SIM hoặc 1 Nano SIM + 1 eSIM, Hỗ trợ 5G","5000 mAh, 45 W",,,,,
Điện thoại Samsung Galaxy S23 Ultra 5G 256GB,Kem,8GB - 256GB,26.990.000₫ ,"Dynamic AMOLED 2X, 6.8"", Quad HD+ (2K+)",Android 13,"Chính 200 MP & Phụ 12 MP, 10 MP, 10 MP",12 MP,Snapdragon 8 Gen 2 8 nhân,8 GB,256 GB,"2 Nano SIM hoặc 1 Nano SIM + 1 eSIM, Hỗ trợ 5G","5000 mAh, 45 W",,,,,
Điện thoại Samsung Galaxy S23 Ultra 5G 256GB,Đen,8GB - 256GB,31.990.000₫ ,"Dynamic AMOLED 2X, 6.8"", Quad HD+ (2K+)",Android 13,"Chính 200 MP & Phụ 12 MP, 10 MP, 10 MP",12 MP,Snapdragon 8 Gen 2 8 nhân,8 GB,256 GB,"2 Nano SIM hoặc 1 Nano SIM + 1 eSIM, Hỗ trợ 5G","5000 mAh, 45 W",,,,,
Điện thoại Samsung Galaxy S23 Ultra 5G 512GB,Đen,12GB - 512GB,29.990.000₫ ,"Dynamic AMOLED 2X, 6.8"", Quad HD+ (2K+)",Android 13,"Chính 200 MP & Phụ 12 MP, 10 MP, 10 MP",12 MP,Snapdragon 8 Gen 2 8 nhân,12 GB,512 GB,"2 Nano SIM hoặc 1 Nano SIM + 1 eSIM, Hỗ trợ 5G","5000 mAh, 45 W",,,,,
Điện thoại Samsung Galaxy S23 Ultra 5G 512GB,Tím nhạt,12GB - 512GB,29.990.000₫ ,"Dynamic AMOLED 2X, 6.8"", Quad HD+ (2K+)",Android 13,"Chính 200 MP & Phụ 12 MP, 10 MP, 10 MP",12 MP,Snapdragon 8 Gen 2 8 nhân,12 GB,512 GB,"2 Nano SIM hoặc 1 Nano SIM + 1 eSIM, Hỗ trợ 5G","5000 mAh, 45 W",,,,,
Điện thoại Samsung Galaxy S23 Ultra 5G 512GB,Kem,12GB - 512GB,29.990.000₫ ,"Dynamic AMOLED 2X, 6.8"", Quad HD+ (2K+)",Android 13,"Chính 200 MP & Phụ 12 MP, 10 MP, 10 MP",12 MP,Snapdragon 8 Gen 2 8 nhân,12 GB,512 GB,"2 Nano SIM hoặc 1 Nano SIM + 1 eSIM, Hỗ trợ 5G","5000 mAh, 45 W",,,,,
Điện thoại Samsung Galaxy S23 Ultra 5G 512GB,Xanh rêu,12GB - 512GB,29.990.000₫ ,"Dynamic AMOLED 2X, 6.8"", Quad HD+ (2K+)",Android 13,"Chính 200 MP & Phụ 12 MP, 10 MP, 10 MP",12 MP,Snapdragon 8 Gen 2 8 nhân,12 GB,512 GB,"2 Nano SIM hoặc 1 Nano SIM + 1 eSIM, Hỗ trợ 5G","5000 mAh, 45 W",,,,,
Điện thoại Samsung Galaxy S23 5G Ultra 1TB,Tím nhạt,12GB - 1TB,35.990.000₫ ,"Dynamic AMOLED 2X, 6.8"", Quad HD+ (2K+)",Android 13,"Chính 200 MP & Phụ 12 MP, 10 MP, 10 MP",12 MP,Snapdragon 8 Gen 2 8 nhân,12 GB,1 TB,"2 Nano SIM hoặc 1 Nano SIM + 1 eSIM, Hỗ trợ 5G","5000 mAh, 45 W",,,,,
Điện thoại Samsung Galaxy S23 5G Ultra 1TB,Kem,12GB - 1TB,35.990.000₫ ,"Dynamic AMOLED 2X, 6.8"", Quad HD+ (2K+)",Android 13,"Chính 200 MP & Phụ 12 MP, 10 MP, 10 MP",12 MP,Snapdragon 8 Gen 2 8 nhân,12 GB,1 TB,"2 Nano SIM hoặc 1 Nano SIM + 1 eSIM, Hỗ trợ 5G","5000 mAh, 45 W",,,,,
Điện thoại Samsung Galaxy S23 5G Ultra 1TB,Xanh rêu,12GB - 1TB,35.990.000₫ ,"Dynamic AMOLED 2X, 6.8"", Quad HD+ (2K+)",Android 13,"Chính 200 MP & Phụ 12 MP, 10 MP, 10 MP",12 MP,Snapdragon 8 Gen 2 8 nhân,12 GB,1 TB,"2 Nano SIM hoặc 1 Nano SIM + 1 eSIM, Hỗ trợ 5G","5000 mAh, 45 W",,,,,
Điện thoại Samsung Galaxy S23 5G Ultra 1TB,Đen,12GB - 1TB,35.990.000₫ ,"Dynamic AMOLED 2X, 6.8"", Quad HD+ (2K+)",Android 13,"Chính 200 MP & Phụ 12 MP, 10 MP, 10 MP",12 MP,Snapdragon 8 Gen 2 8 nhân,12 GB,1 TB,"2 Nano SIM hoặc 1 Nano SIM + 1 eSIM, Hỗ trợ 5G","5000 mAh, 45 W",,,,,
Điện thoại Samsung Galaxy A34 5G 128GB,Bạc,128GB,7.790.000₫ ,"Super AMOLED, 6.6"", Full HD+",Android 13,"Chính 48 MP & Phụ 8 MP, 5 MP",13 MP,MediaTek Dimensity 1080 8 nhân,8 GB,128 GB,"2 Nano SIM, Hỗ trợ 5G","5000 mAh, 25 W",,,,,
Điện thoại Samsung Galaxy A34 5G 128GB,Xanh Lá Mạ,128GB,7.790.000₫ ,"Super AMOLED, 6.6"", Full HD+",Android 13,"Chính 48 MP & Phụ 8 MP, 5 MP",13 MP,MediaTek Dimensity 1080 8 nhân,8 GB,128 GB,"2 Nano SIM, Hỗ trợ 5G","5000 mAh, 25 W",,,,,
Điện thoại Samsung Galaxy A34 5G 128GB,Đen,128GB,7.790.000₫ ,"Super AMOLED, 6.6"", Full HD+",Android 13,"Chính 48 MP & Phụ 8 MP, 5 MP",13 MP,MediaTek Dimensity 1080 8 nhân,8 GB,128 GB,"2 Nano SIM, Hỗ trợ 5G","5000 mAh, 25 W",,,,,
Điện thoại Samsung Galaxy A34 5G 256GB,Bạc,256GB,8.390.000₫ ,"Super AMOLED, 6.6"", Full HD+",Android 13,"Chính 48 MP & Phụ 8 MP, 5 MP",13 MP,MediaTek Dimensity 1080 8 nhân,8 GB,256 GB,"2 Nano SIM, Hỗ trợ 5G","5000 mAh, 25 W",,,,,
Điện thoại Samsung Galaxy A34 5G 256GB,Đen,256GB,8.390.000₫ ,"Super AMOLED, 6.6"", Full HD+",Android 13,"Chính 48 MP & Phụ 8 MP, 5 MP",13 MP,MediaTek Dimensity 1080 8 nhân,8 GB,256 GB,"2 Nano SIM, Hỗ trợ 5G","5000 mAh, 25 W",,,,,
Điện thoại Samsung Galaxy A34 5G 256GB,Xanh Lá Mạ,256GB,8.390.000₫ ,"Super AMOLED, 6.6"", Full HD+",Android 13,"Chính 48 MP & Phụ 8 MP, 5 MP",13 MP,MediaTek Dimensity 1080 8 nhân,8 GB,256 GB,"2 Nano SIM, Hỗ trợ 5G","5000 mAh, 25 W",,,,,
Điện thoại iPhone 14 128GB,Vàng,128GB,,"OLED, 6.1"", Super Retina XDR",iOS 16,2 camera 12 MP,12 MP,Apple A15 Bionic,6 GB,128 GB,"1 Nano SIM & 1 eSIM, Hỗ trợ 5G","3279 mAh, 20 W",,,,,
Điện thoại iPhone 14 128GB,Đỏ,128GB,,"OLED, 6.1"", Super Retina XDR",iOS 16,2 camera 12 MP,12 MP,Apple A15 Bionic,6 GB,128 GB,"1 Nano SIM & 1 eSIM, Hỗ trợ 5G","3279 mAh, 20 W",,,,,
Điện thoại iPhone 14 128GB,Trắng,128GB,,"OLED, 6.1"", Super Retina XDR",iOS 16,2 camera 12 MP,12 MP,Apple A15 Bionic,6 GB,128 GB,"1 Nano SIM & 1 eSIM, Hỗ trợ 5G","3279 mAh, 20 W",,,,,
Điện thoại iPhone 14 128GB,Xanh Dương,128GB,,"OLED, 6.1"", Super Retina XDR",iOS 16,2 camera 12 MP,12 MP,Apple A15 Bionic,6 GB,128 GB,"1 Nano SIM & 1 eSIM, Hỗ trợ 5G","3279 mAh, 20 W",,,,,
Điện thoại iPhone 14 128GB,Đen,128GB,,"OLED, 6.1"", Super Retina XDR",iOS 16,2 camera 12 MP,12 MP,Apple A15 Bionic,6 GB,128 GB,"1 Nano SIM & 1 eSIM, Hỗ trợ 5G","3279 mAh, 20 W",,,,,
Điện thoại iPhone 14 128GB,Tím nhạt,128GB,,"OLED, 6.1"", Super Retina XDR",iOS 16,2 camera 12 MP,12 MP,Apple A15 Bionic,6 GB,128 GB,"1 Nano SIM & 1 eSIM, Hỗ trợ 5G","3279 mAh, 20 W",,,,,
Điện thoại iPhone 14 256GB,Vàng,256GB,22.490.000₫ ,"OLED, 6.1"", Super Retina XDR",iOS 16,2 camera 12 MP,12 MP,Apple A15 Bionic,6 GB,256 GB,"1 Nano SIM & 1 eSIM, Hỗ trợ 5G","3279 mAh, 20 W",,,,,
Điện thoại iPhone 14 256GB,Trắng,256GB,22.490.000₫ ,"OLED, 6.1"", Super Retina XDR",iOS 16,2 camera 12 MP,12 MP,Apple A15 Bionic,6 GB,256 GB,"1 Nano SIM & 1 eSIM, Hỗ trợ 5G","3279 mAh, 20 W",,,,,
Điện thoại iPhone 14 256GB,Tím nhạt,256GB,22.490.000₫ ,"OLED, 6.1"", Super Retina XDR",iOS 16,2 camera 12 MP,12 MP,Apple A15 Bionic,6 GB,256 GB,"1 Nano SIM & 1 eSIM, Hỗ trợ 5G","3279 mAh, 20 W",,,,,
Điện thoại iPhone 14 256GB,Đen,256GB,22.490.000₫ ,"OLED, 6.1"", Super Retina XDR",iOS 16,2 camera 12 MP,12 MP,Apple A15 Bionic,6 GB,256 GB,"1 Nano SIM & 1 eSIM, Hỗ trợ 5G","3279 mAh, 20 W",,,,,
Điện thoại iPhone 14 256GB,Xanh Dương,256GB,22.490.000₫ ,"OLED, 6.1"", Super Retina XDR",iOS 16,2 camera 12 MP,12 MP,Apple A15 Bionic,6 GB,256 GB,"1 Nano SIM & 1 eSIM, Hỗ trợ 5G","3279 mAh, 20 W",,,,,
Điện thoại Vivo Y16 64GB,Vàng,64GB,3.590.000₫ ,"IPS LCD, 6.51"", HD+",Android 12,Chính 13 MP & Phụ 2 MP,5 MP,MediaTek Helio P35,4 GB,64 GB,"2 Nano SIM, Hỗ trợ 4G","5000 mAh, 10 W",,,,,
Điện thoại Vivo Y16 64GB,Đen,64GB,3.590.000₫ ,"IPS LCD, 6.51"", HD+",Android 12,Chính 13 MP & Phụ 2 MP,5 MP,MediaTek Helio P35,4 GB,64 GB,"2 Nano SIM, Hỗ trợ 4G","5000 mAh, 10 W",,,,,
Điện thoại Vivo Y16 128GB,Vàng,128GB,4.190.000₫ *,"IPS LCD, 6.51"", HD+",Android 12,Chính 13 MP & Phụ 2 MP,5 MP,MediaTek Helio P35,4 GB,128 GB,"2 Nano SIM, Hỗ trợ 4G","5000 mAh, 10 W",,,,,
Điện thoại Vivo Y16 128GB,Đen,128GB,4.190.000₫ *,"IPS LCD, 6.51"", HD+",Android 12,Chính 13 MP & Phụ 2 MP,5 MP,MediaTek Helio P35,4 GB,128 GB,"2 Nano SIM, Hỗ trợ 4G","5000 mAh, 10 W",,,,,
Điện thoại realme C30s (2GB/32GB),Xanh,2GB,,"IPS LCD, 6.5"", HD+",Android 12 (Go Edition),8 MP,5 MP,Unisoc SC9863A1,2 GB,32 GB,"2 Nano SIM, Hỗ trợ 4G","5000 mAh, 10 W",,,,,
Điện thoại realme C30s (2GB/32GB),Đen,2GB,,"IPS LCD, 6.5"", HD+",Android 12 (Go Edition),8 MP,5 MP,Unisoc SC9863A1,2 GB,32 GB,"2 Nano SIM, Hỗ trợ 4G","5000 mAh, 10 W",,,,,
Điện thoại realme C30s (4GB/64GB),Đen,4GB,2.790.000₫ ,"IPS LCD, 6.5"", HD+",Android 12 (Go Edition),8 MP,5 MP,Unisoc SC9863A1,4 GB,64 GB,"2 Nano SIM, Hỗ trợ 4G","5000 mAh, 10 W",,,,,
Điện thoại realme C30s (4GB/64GB),Xanh,4GB,2.790.000₫ ,"IPS LCD, 6.5"", HD+",Android 12 (Go Edition),8 MP,5 MP,Unisoc SC9863A1,4 GB,64 GB,"2 Nano SIM, Hỗ trợ 4G","5000 mAh, 10 W",,,,,
Điện thoại realme C30s (3GB/64GB),Xanh Dương,3GB,2.490.000₫ *,"IPS LCD, 6.5"", HD+",Android 12 (Go Edition),8 MP,5 MP,Unisoc SC9863A1,3 GB,64 GB,"2 Nano SIM, Hỗ trợ 4G","5000 mAh, 10 W",,,,,
Điện thoại realme C30s (3GB/64GB),Đen,3GB,2.490.000₫ *,"IPS LCD, 6.5"", HD+",Android 12 (Go Edition),8 MP,5 MP,Unisoc SC9863A1,3 GB,64 GB,"2 Nano SIM, Hỗ trợ 4G","5000 mAh, 10 W",,,,,
Điện thoại Samsung Galaxy S23+ 5G 256GB,Kem,8GB - 256GB,26.990.000₫,"Dynamic AMOLED 2X, 6.6"", Full HD+",Android 13,"Chính 50 MP & Phụ 12 MP, 10 MP",12 MP,Snapdragon 8 Gen 2 8 nhân,8 GB,256 GB,"2 Nano SIM hoặc 1 Nano SIM + 1 eSIM, Hỗ trợ 5G","4700 mAh, 45 W",,,,,
Điện thoại Samsung Galaxy S23+ 5G 256GB,Xanh rêu,8GB - 256GB,26.990.000₫,"Dynamic AMOLED 2X, 6.6"", Full HD+",Android 13,"Chính 50 MP & Phụ 12 MP, 10 MP",12 MP,Snapdragon 8 Gen 2 8 nhân,8 GB,256 GB,"2 Nano SIM hoặc 1 Nano SIM + 1 eSIM, Hỗ trợ 5G","4700 mAh, 45 W",,,,,
Điện thoại Samsung Galaxy S23+ 5G 256GB,Đen,8GB - 256GB,26.990.000₫,"Dynamic AMOLED 2X, 6.6"", Full HD+",Android 13,"Chính 50 MP & Phụ 12 MP, 10 MP",12 MP,Snapdragon 8 Gen 2 8 nhân,8 GB,256 GB,"2 Nano SIM hoặc 1 Nano SIM + 1 eSIM, Hỗ trợ 5G","4700 mAh, 45 W",,,,,
Điện thoại Samsung Galaxy S23+ 5G 256GB,Tím nhạt,8GB - 256GB,26.990.000₫,"Dynamic AMOLED 2X, 6.6"", Full HD+",Android 13,"Chính 50 MP & Phụ 12 MP, 10 MP",12 MP,Snapdragon 8 Gen 2 8 nhân,8 GB,256 GB,"2 Nano SIM hoặc 1 Nano SIM + 1 eSIM, Hỗ trợ 5G","4700 mAh, 45 W",,,,,
Điện thoại Samsung Galaxy S23+ 5G 512GB,Xanh rêu,8GB - 512GB,29.990.000₫,"Dynamic AMOLED 2X, 6.6"", Full HD+",Android 13,"Chính 50 MP & Phụ 12 MP, 10 MP",12 MP,Snapdragon 8 Gen 2 8 nhân,8 GB,512 GB,"2 Nano SIM hoặc 1 Nano SIM + 1 eSIM, Hỗ trợ 5G","4700 mAh, 45 W",,,,,
Điện thoại Samsung Galaxy S23+ 5G 512GB,Kem,8GB - 512GB,29.990.000₫,"Dynamic AMOLED 2X, 6.6"", Full HD+",Android 13,"Chính 50 MP & Phụ 12 MP, 10 MP",12 MP,Snapdragon 8 Gen 2 8 nhân,8 GB,512 GB,"2 Nano SIM hoặc 1 Nano SIM + 1 eSIM, Hỗ trợ 5G","4700 mAh, 45 W",,,,,
Điện thoại Samsung Galaxy S23+ 5G 512GB,Đen,8GB - 512GB,29.990.000₫,"Dynamic AMOLED 2X, 6.6"", Full HD+",Android 13,"Chính 50 MP & Phụ 12 MP, 10 MP",12 MP,Snapdragon 8 Gen 2 8 nhân,8 GB,512 GB,"2 Nano SIM hoặc 1 Nano SIM + 1 eSIM, Hỗ trợ 5G","4700 mAh, 45 W",,,,,
Điện thoại Samsung Galaxy S23+ 5G 512GB,Tím nhạt,8GB - 512GB,29.990.000₫,"Dynamic AMOLED 2X, 6.6"", Full HD+",Android 13,"Chính 50 MP & Phụ 12 MP, 10 MP",12 MP,Snapdragon 8 Gen 2 8 nhân,8 GB,512 GB,"2 Nano SIM hoặc 1 Nano SIM + 1 eSIM, Hỗ trợ 5G","4700 mAh, 45 W",,,,,
Điện thoại iPhone 14 Plus 128GB,Đen,128GB,,"OLED, 6.7"", Super Retina XDR",iOS 16,2 camera 12 MP,12 MP,Apple A15 Bionic,6 GB,128 GB,"1 Nano SIM & 1 eSIM, Hỗ trợ 5G","4325 mAh, 20 W",,,,,
Điện thoại iPhone 14 Plus 128GB,Trắng,128GB,,"OLED, 6.7"", Super Retina XDR",iOS 16,2 camera 12 MP,12 MP,Apple A15 Bionic,6 GB,128 GB,"1 Nano SIM & 1 eSIM, Hỗ trợ 5G","4325 mAh, 20 W",,,,,
Điện thoại iPhone 14 Plus 128GB,Xanh Dương,128GB,,"OLED, 6.7"", Super Retina XDR",iOS 16,2 camera 12 MP,12 MP,Apple A15 Bionic,6 GB,128 GB,"1 Nano SIM & 1 eSIM, Hỗ trợ 5G","4325 mAh, 20 W",,,,,
Điện thoại iPhone 14 Plus 128GB,Tím nhạt,128GB,,"OLED, 6.7"", Super Retina XDR",iOS 16,2 camera 12 MP,12 MP,Apple A15 Bionic,6 GB,128 GB,"1 Nano SIM & 1 eSIM, Hỗ trợ 5G","4325 mAh, 20 W",,,,,
Điện thoại iPhone 14 Plus 128GB,Đỏ,128GB,,"OLED, 6.7"", Super Retina XDR",iOS 16,2 camera 12 MP,12 MP,Apple A15 Bionic,6 GB,128 GB,"1 Nano SIM & 1 eSIM, Hỗ trợ 5G","4325 mAh, 20 W",,,,,
Điện thoại iPhone 14 Plus 256GB,Vàng,256GB,,"OLED, 6.7"", Super Retina XDR",iOS 16,2 camera 12 MP,12 MP,Apple A15 Bionic,6 GB,256 GB,"1 Nano SIM & 1 eSIM, Hỗ trợ 5G","4325 mAh, 20 W",,,,,
Điện thoại iPhone 14 Plus 256GB,Đen,256GB,,"OLED, 6.7"", Super Retina XDR",iOS 16,2 camera 12 MP,12 MP,Apple A15 Bionic,6 GB,256 GB,"1 Nano SIM & 1 eSIM, Hỗ trợ 5G","4325 mAh, 20 W",,,,,
Điện thoại iPhone 14 Plus 256GB,Đỏ,256GB,,"OLED, 6.7"", Super Retina XDR",iOS 16,2 camera 12 MP,12 MP,Apple A15 Bionic,6 GB,256 GB,"1 Nano SIM & 1 eSIM, Hỗ trợ 5G","4325 mAh, 20 W",,,,,
Điện thoại iPhone 14 Plus 256GB,Xanh Dương,256GB,,"OLED, 6.7"", Super Retina XDR",iOS 16,2 camera 12 MP,12 MP,Apple A15 Bionic,6 GB,256 GB,"1 Nano SIM & 1 eSIM, Hỗ trợ 5G","4325 mAh, 20 W",,,,,
Điện thoại Vivo Y22s 4GB,Xanh,4GB,4.790.000₫ ,"IPS LCD, 6.55"", HD+",Android 12,Chính 50 MP & Phụ 2 MP,8 MP,Snapdragon 680,4 GB,128 GB,"2 Nano SIM, Hỗ trợ 4G","5000 mAh, 18 W",,,,,
Điện thoại Vivo Y22s 4GB,Xanh đen,4GB,4.790.000₫ ,"IPS LCD, 6.55"", HD+",Android 12,Chính 50 MP & Phụ 2 MP,8 MP,Snapdragon 680,4 GB,128 GB,"2 Nano SIM, Hỗ trợ 4G","5000 mAh, 18 W",,,,,
Điện thoại Vivo Y22s 8GB,Xanh,8GB,5.290.000₫ *,"IPS LCD, 6.55"", HD+",Android 12,Chính 50 MP & Phụ 2 MP,8 MP,Snapdragon 680,8 GB,128 GB,"2 Nano SIM, Hỗ trợ 4G","5000 mAh, 18 W",,,,,
Điện thoại Vivo Y22s 8GB,Xanh đen,8GB,5.290.000₫ *,"IPS LCD, 6.55"", HD+",Android 12,Chính 50 MP & Phụ 2 MP,8 MP,Snapdragon 680,8 GB,128 GB,"2 Nano SIM, Hỗ trợ 4G","5000 mAh, 18 W",,,,,
Điện thoại Samsung Galaxy Z Fold4 5G 256GB,Kem,256GB,35.990.000₫ ,"Dynamic AMOLED 2X, Chính 7.6"" & Phụ 6.2"", Quad HD+ (2K+)",Android 12,"Chính 50 MP & Phụ 12 MP, 10 MP",10 MP & 4 MP,Snapdragon 8+ Gen 1,12 GB,256 GB,"1 Nano SIM & 1 eSIM, Hỗ trợ 5G","4400 mAh, 25 W",,,,,
Điện thoại Samsung Galaxy Z Fold4 5G 256GB,Đen,256GB,35.990.000₫ ,"Dynamic AMOLED 2X, Chính 7.6"" & Phụ 6.2"", Quad HD+ (2K+)",Android 12,"Chính 50 MP & Phụ 12 MP, 10 MP",10 MP & 4 MP,Snapdragon 8+ Gen 1,12 GB,256 GB,"1 Nano SIM & 1 eSIM, Hỗ trợ 5G","4400 mAh, 25 W",,,,,
Điện thoại Samsung Galaxy Z Fold4 5G 256GB,Xanh rêu,256GB,35.990.000₫ ,"Dynamic AMOLED 2X, Chính 7.6"" & Phụ 6.2"", Quad HD+ (2K+)",Android 12,"Chính 50 MP & Phụ 12 MP, 10 MP",10 MP & 4 MP,Snapdragon 8+ Gen 1,12 GB,256 GB,"1 Nano SIM & 1 eSIM, Hỗ trợ 5G","4400 mAh, 25 W",,,,,
Điện thoại Samsung Galaxy Z Fold4 5G 512GB,Kem,512GB,39.490.000₫ ,"Dynamic AMOLED 2X, Chính 7.6"" & Phụ 6.2"", Quad HD+ (2K+)",Android 12,"Chính 50 MP & Phụ 12 MP, 10 MP",10 MP & 4 MP,Snapdragon 8+ Gen 1,12 GB,512 GB,"1 Nano SIM & 1 eSIM, Hỗ trợ 5G","4400 mAh, 25 W",,,,,
Điện thoại Samsung Galaxy Z Fold4 5G 512GB,Xanh rêu,512GB,39.490.000₫ ,"Dynamic AMOLED 2X, Chính 7.6"" & Phụ 6.2"", Quad HD+ (2K+)",Android 12,"Chính 50 MP & Phụ 12 MP, 10 MP",10 MP & 4 MP,Snapdragon 8+ Gen 1,12 GB,512 GB,"1 Nano SIM & 1 eSIM, Hỗ trợ 5G","4400 mAh, 25 W",,,,,
Điện thoại Samsung Galaxy Z Fold4 5G 512GB,Đen,512GB,39.490.000₫ ,"Dynamic AMOLED 2X, Chính 7.6"" & Phụ 6.2"", Quad HD+ (2K+)",Android 12,"Chính 50 MP & Phụ 12 MP, 10 MP",10 MP & 4 MP,Snapdragon 8+ Gen 1,12 GB,512 GB,"1 Nano SIM & 1 eSIM, Hỗ trợ 5G","4400 mAh, 25 W",,,,,
Điện thoại Xiaomi 12T 5G 256GB,Xanh,,11.490.000₫ *,"AMOLED, 6.67"", 1.5K",Android 12,"Chính 108 MP & Phụ 8 MP, 2 MP",20 MP,MediaTek Dimensity 8100 Ultra 8 nhân,8 GB,256 GB,"2 Nano SIM, Hỗ trợ 5G","5000 mAh, 120 W",,,,,
Điện thoại Xiaomi 12T 5G 256GB,Bạc,,11.490.000₫ *,"AMOLED, 6.67"", 1.5K",Android 12,"Chính 108 MP & Phụ 8 MP, 2 MP",20 MP,MediaTek Dimensity 8100 Ultra 8 nhân,8 GB,256 GB,"2 Nano SIM, Hỗ trợ 5G","5000 mAh, 120 W",,,,,
Điện thoại Xiaomi 12T 5G 256GB,Đen,,11.490.000₫ *,"AMOLED, 6.67"", 1.5K",Android 12,"Chính 108 MP & Phụ 8 MP, 2 MP",20 MP,MediaTek Dimensity 8100 Ultra 8 nhân,8 GB,256 GB,"2 Nano SIM, Hỗ trợ 5G","5000 mAh, 120 W",,,,,
Điện thoại Xiaomi Redmi A1,Xanh Dương,,,"IPS LCD, 6.52"", HD+",Android 12 (Go Edition),Chính 8 MP & Phụ QVGA,5 MP,MediaTek MT6761 (Helio A22),2 GB,32 GB,"2 Nano SIM, Hỗ trợ 4G","5000 mAh, 10 W",,,,,
Điện thoại Xiaomi Redmi A1,Đen,,,"IPS LCD, 6.52"", HD+",Android 12 (Go Edition),Chính 8 MP & Phụ QVGA,5 MP,MediaTek MT6761 (Helio A22),2 GB,32 GB,"2 Nano SIM, Hỗ trợ 4G","5000 mAh, 10 W",,,,,
Điện thoại Xiaomi Redmi A1,Xanh lá,,,"IPS LCD, 6.52"", HD+",Android 12 (Go Edition),Chính 8 MP & Phụ QVGA,5 MP,MediaTek MT6761 (Helio A22),2 GB,32 GB,"2 Nano SIM, Hỗ trợ 4G","5000 mAh, 10 W",,,,,
Điện thoại OPPO Reno8 Pro 5G,Xanh ngọc,Reno8 Pro 5G,17.990.000₫ ,"AMOLED, 6.7"", Full HD+",Android 12,"Chính 50 MP & Phụ 8 MP, 2 MP",32 MP,MediaTek Dimensity 8100 Max 8 nhân,12 GB,256 GB,"2 Nano SIM, Hỗ trợ 5G","4500 mAh, 80 W",,,,,
Điện thoại OPPO Reno8 Pro 5G,Đen,Reno8 Pro 5G,17.990.000₫ ,"AMOLED, 6.7"", Full HD+",Android 12,"Chính 50 MP & Phụ 8 MP, 2 MP",32 MP,MediaTek Dimensity 8100 Max 8 nhân,12 GB,256 GB,"2 Nano SIM, Hỗ trợ 5G","4500 mAh, 80 W",,,,,
Điện thoại OPPO Reno8,Vàng đồng,Reno8,7.490.000₫ ,"AMOLED, 6.4"", Full HD+",Android 12,"Chính 64 MP & Phụ 2 MP, 2 MP",32 MP,Snapdragon 680,8 GB,256 GB,"2 Nano SIM, Hỗ trợ 4G","4500 mAh, 33 W",,,,,
Điện thoại OPPO Reno8,Đen,Reno8,7.490.000₫ ,"AMOLED, 6.4"", Full HD+",Android 12,"Chính 64 MP & Phụ 2 MP, 2 MP",32 MP,Snapdragon 680,8 GB,256 GB,"2 Nano SIM, Hỗ trợ 4G","4500 mAh, 33 W",,,,,
Điện thoại OPPO Reno8 5G,Đen,Reno8 5G,13.990.000₫ ,"AMOLED, 6.43"", Full HD+",Android 12,"Chính 50 MP & Phụ 8 MP, 2 MP",32 MP,MediaTek Dimensity 1300,8 GB,256 GB,"2 Nano SIM, Hỗ trợ 5G","4500 mAh, 80 W",,,,,
Điện thoại OPPO Reno8 5G,Vàng đồng,Reno8 5G,13.990.000₫ ,"AMOLED, 6.43"", Full HD+",Android 12,"Chính 50 MP & Phụ 8 MP, 2 MP",32 MP,MediaTek Dimensity 1300,8 GB,256 GB,"2 Nano SIM, Hỗ trợ 5G","4500 mAh, 80 W",,,,,
Điện thoại Vivo Y02s 32GB,Xanh,32GB,2.890.000₫ *,"IPS LCD, 6.51"", HD+",Android 12,8 MP,5 MP,MediaTek Helio P35,3 GB,32 GB,"2 Nano SIM, Hỗ trợ 4G","5000 mAh, 10 W",,,,,
Điện thoại Vivo Y02s 32GB,Đen,32GB,2.890.000₫ *,"IPS LCD, 6.51"", HD+",Android 12,8 MP,5 MP,MediaTek Helio P35,3 GB,32 GB,"2 Nano SIM, Hỗ trợ 4G","5000 mAh, 10 W",,,,,
Điện thoại Vivo Y02s 64GB,Xanh,64GB,3.290.000₫ ,"IPS LCD, 6.51"", HD+",Android 12,8 MP,5 MP,MediaTek Helio P35,3 GB,64 GB,"2 Nano SIM, Hỗ trợ 4G","5000 mAh, 10 W",,,,,
Điện thoại Vivo Y02s 64GB,Đen,64GB,3.290.000₫ ,"IPS LCD, 6.51"", HD+",Android 12,8 MP,5 MP,MediaTek Helio P35,3 GB,64 GB,"2 Nano SIM, Hỗ trợ 4G","5000 mAh, 10 W",,,,,
Điện thoại OPPO A55,Xanh lá,,3.490.000₫ ,"IPS LCD, 6.5"", HD+",Android 11,"Chính 50 MP & Phụ 2 MP, 2 MP",16 MP,MediaTek Helio G35,4 GB,64 GB,"2 Nano SIM, Hỗ trợ 4G","5000 mAh, 18 W",,,,,
Điện thoại OPPO A55,Đen,,3.490.000₫ ,"IPS LCD, 6.5"", HD+",Android 11,"Chính 50 MP & Phụ 2 MP, 2 MP",16 MP,MediaTek Helio G35,4 GB,64 GB,"2 Nano SIM, Hỗ trợ 4G","5000 mAh, 18 W",,,,,
Điện thoại OPPO A55,Xanh Dương,,3.490.000₫ ,"IPS LCD, 6.5"", HD+",Android 11,"Chính 50 MP & Phụ 2 MP, 2 MP",16 MP,MediaTek Helio G35,4 GB,64 GB,"2 Nano SIM, Hỗ trợ 4G","5000 mAh, 18 W",,,,,
Điện thoại Vivo Y02A,Xanh tím,,2.790.000₫ ,"IPS LCD, 6.51"", HD+",Android 12 (Go Edition),8 MP,5 MP,MediaTek Helio P35,3 GB,32 GB,"2 Nano SIM, Hỗ trợ 4G","5000 mAh, 10 W",,,,,
Điện thoại Vivo Y02A,Đen,,2.790.000₫ ,"IPS LCD, 6.51"", HD+",Android 12 (Go Edition),8 MP,5 MP,MediaTek Helio P35,3 GB,32 GB,"2 Nano SIM, Hỗ trợ 4G","5000 mAh, 10 W",,,,,
Điện thoại realme 10,Trắng,,6.690.000₫ *,"Super AMOLED, 6.4"", Full HD+",Android 12,Chính 50 MP & Phụ 2 MP,16 MP,MediaTek Helio G99,8 GB,256 GB,"2 Nano SIM, Hỗ trợ 4G","5000 mAh, 33 W",,,,,
Điện thoại realme 10,Đen,,6.690.000₫ *,"Super AMOLED, 6.4"", Full HD+",Android 12,Chính 50 MP & Phụ 2 MP,16 MP,MediaTek Helio G99,8 GB,256 GB,"2 Nano SIM, Hỗ trợ 4G","5000 mAh, 33 W",,,,,
Điện thoại Nokia C21 Plus 64GB,,64GB,2.090.000₫ ,"TFT LCD, 6.5"", HD+",Android 11 (Go Edition),Chính 13 MP & Phụ 2 MP,5 MP,Spreadtrum SC9863A,3 GB,64 GB,"2 Nano SIM, Hỗ trợ 4G","5050 mAh, 10 W",,,,,
Điện thoại Nokia C21 Plus 32GB,Xanh Dương,32GB,,"TFT LCD, 6.5"", HD+",Android 11 (Go Edition),Chính 13 MP & Phụ 2 MP,5 MP,Spreadtrum SC9863A,3 GB,32 GB,"2 Nano SIM, Hỗ trợ 4G","5050 mAh, 10 W",,,,,
Điện thoại Nokia C21 Plus 32GB,Xám,32GB,,"TFT LCD, 6.5"", HD+",Android 11 (Go Edition),Chính 13 MP & Phụ 2 MP,5 MP,Spreadtrum SC9863A,3 GB,32 GB,"2 Nano SIM, Hỗ trợ 4G","5050 mAh, 10 W",,,,,
Điện thoại Samsung Galaxy A04s,Đen,,3.490.000₫ ,"IPS LCD, 6.5"", HD+",Android 12,"Chính 50 MP & Phụ 2 MP, 2 MP",5 MP,Exynos 850,4 GB,64 GB,"2 Nano SIM, Hỗ trợ 4G","5000 mAh, 15 W",,,,,
Điện thoại Samsung Galaxy A04s,Nâu,,3.490.000₫ ,"IPS LCD, 6.5"", HD+",Android 12,"Chính 50 MP & Phụ 2 MP, 2 MP",5 MP,Exynos 850,4 GB,64 GB,"2 Nano SIM, Hỗ trợ 4G","5000 mAh, 15 W",,,,,
Điện thoại Samsung Galaxy A04s,Xanh lá đậm,,3.490.000₫ ,"IPS LCD, 6.5"", HD+",Android 12,"Chính 50 MP & Phụ 2 MP, 2 MP",5 MP,Exynos 850,4 GB,64 GB,"2 Nano SIM, Hỗ trợ 4G","5000 mAh, 15 W",,,,,
Điện thoại Vivo V25 5G,Vàng,V25,9.790.000₫ *,"AMOLED, 6.44"", Full HD+",Android 12,"Chính 64 MP & Phụ 8 MP, 2 MP",50 MP,MediaTek Dimensity 900 5G,8 GB,128 GB,"2 Nano SIM (SIM 2 chung khe thẻ nhớ), Hỗ trợ 5G","4500 mAh, 44 W",,,,,
Điện thoại Vivo V25 5G,Đen,V25,9.790.000₫ *,"AMOLED, 6.44"", Full HD+",Android 12,"Chính 64 MP & Phụ 8 MP, 2 MP",50 MP,MediaTek Dimensity 900 5G,8 GB,128 GB,"2 Nano SIM (SIM 2 chung khe thẻ nhớ), Hỗ trợ 5G","4500 mAh, 44 W",,,,,
Điện thoại Vivo V25E,Vàng,V25E,7.790.000₫ *,"AMOLED, 6.44"", Full HD+",Android 12,"Chính 64 MP & Phụ 2 MP, 2 MP",32 MP,MediaTek Helio G99,8 GB,128 GB,"2 Nano SIM (SIM 2 chung khe thẻ nhớ), Hỗ trợ 4G","4500 mAh, 44 W",,,,,
Điện thoại Vivo V25E,Đen,V25E,7.790.000₫ *,"AMOLED, 6.44"", Full HD+",Android 12,"Chính 64 MP & Phụ 2 MP, 2 MP",32 MP,MediaTek Helio G99,8 GB,128 GB,"2 Nano SIM (SIM 2 chung khe thẻ nhớ), Hỗ trợ 4G","4500 mAh, 44 W",,,,,
Điện thoại OPPO Find X5 Pro 5G,Đen,,19.990.000₫ ,"AMOLED, 6.7"", Quad HD+ (2K+)",Android 12,"Chính 50 MP & Phụ 50 MP, 13 MP",32 MP,Snapdragon 8 Gen 1,12 GB,256 GB,"2 Nano SIM hoặc 1 Nano SIM + 1 eSIM, Hỗ trợ 5G","5000 mAh, 80 W",,,,,
Điện thoại OPPO Find X5 Pro 5G,Trắng,,19.990.000₫ ,"AMOLED, 6.7"", Quad HD+ (2K+)",Android 12,"Chính 50 MP & Phụ 50 MP, 13 MP",32 MP,Snapdragon 8 Gen 1,12 GB,256 GB,"2 Nano SIM hoặc 1 Nano SIM + 1 eSIM, Hỗ trợ 5G","5000 mAh, 80 W",,,,,
Điện thoại Xiaomi 13 5G,Đen,Xiaomi 13,,"AMOLED, 6.36"", Full HD+",Android 13,"Chính 50 MP & Phụ 12 MP, 10 MP",32 MP,Snapdragon 8 Gen 2 8 nhân,8 GB,256 GB,"2 Nano SIM, Hỗ trợ 5G","4500 mAh, 67 W",,,,,
Điện thoại Xiaomi 13 5G,Xanh lá,Xiaomi 13,,"AMOLED, 6.36"", Full HD+",Android 13,"Chính 50 MP & Phụ 12 MP, 10 MP",32 MP,Snapdragon 8 Gen 2 8 nhân,8 GB,256 GB,"2 Nano SIM, Hỗ trợ 5G","4500 mAh, 67 W",,,,,
Điện thoại Xiaomi 13 Pro 5G,,Xiaomi 13 Pro,,"AMOLED, 6.73"", Quad HD+ (2K+)",Android 13,"Chính 50 MP & Phụ 50 MP, 50 MP",32 MP,Snapdragon 8 Gen 2 8 nhân,12 GB,256 GB,"2 Nano SIM, Hỗ trợ 5G","4820 mAh, 120 W",,,,,
Điện thoại Xiaomi 13 Lite 5G,Xanh Dương,Xiaomi 13 Lite,,"AMOLED, 6.55"", Full HD+",Android 12,"Chính 50 MP & Phụ 8 MP, 2 MP",Chính 32 MP & Phụ 8 MP,Snapdragon 7 Gen 1 8 nhân,8 GB,256 GB,"2 Nano SIM, Hỗ trợ 5G","4500 mAh, 67 W",,,,,
Điện thoại Xiaomi 13 Lite 5G,Đen,Xiaomi 13 Lite,,"AMOLED, 6.55"", Full HD+",Android 12,"Chính 50 MP & Phụ 8 MP, 2 MP",Chính 32 MP & Phụ 8 MP,Snapdragon 7 Gen 1 8 nhân,8 GB,256 GB,"2 Nano SIM, Hỗ trợ 5G","4500 mAh, 67 W",,,,,
Điện thoại Samsung Galaxy S22 Ultra 5G 128GB,Đỏ đô,,17.990.000₫ ,"Dynamic AMOLED 2X, 6.8"", Quad HD+ (2K+)",Android 12,"Chính 108 MP & Phụ 12 MP, 10 MP, 10 MP",40 MP,Snapdragon 8 Gen 1,8 GB,128 GB,"2 Nano SIM hoặc 1 Nano SIM + 1 eSIM, Hỗ trợ 5G","5000 mAh, 45 W",,,,,
Điện thoại Samsung Galaxy S22 Ultra 5G 128GB,Đen,,17.990.000₫ ,"Dynamic AMOLED 2X, 6.8"", Quad HD+ (2K+)",Android 12,"Chính 108 MP & Phụ 12 MP, 10 MP, 10 MP",40 MP,Snapdragon 8 Gen 1,8 GB,128 GB,"2 Nano SIM hoặc 1 Nano SIM + 1 eSIM, Hỗ trợ 5G","5000 mAh, 45 W",,,,,
Điện thoại iPhone 13 128GB,Xanh Dương,128GB,16.990.000₫ ,"OLED, 6.1"", Super Retina XDR",iOS 15,2 camera 12 MP,12 MP,Apple A15 Bionic,4 GB,128 GB,"1 Nano SIM & 1 eSIM, Hỗ trợ 5G","3240 mAh, 20 W",,,,,
Điện thoại iPhone 13 128GB,Hồng,128GB,16.990.000₫ ,"OLED, 6.1"", Super Retina XDR",iOS 15,2 camera 12 MP,12 MP,Apple A15 Bionic,4 GB,128 GB,"1 Nano SIM & 1 eSIM, Hỗ trợ 5G","3240 mAh, 20 W",,,,,
Điện thoại iPhone 13 128GB,Trắng,128GB,16.990.000₫ ,"OLED, 6.1"", Super Retina XDR",iOS 15,2 camera 12 MP,12 MP,Apple A15 Bionic,4 GB,128 GB,"1 Nano SIM & 1 eSIM, Hỗ trợ 5G","3240 mAh, 20 W",,,,,
Điện thoại iPhone 13 128GB,Đen,128GB,16.990.000₫ ,"OLED, 6.1"", Super Retina XDR",iOS 15,2 camera 12 MP,12 MP,Apple A15 Bionic,4 GB,128 GB,"1 Nano SIM & 1 eSIM, Hỗ trợ 5G","3240 mAh, 20 W",,,,,
Điện thoại iPhone 13 128GB,Xanh lá,128GB,16.990.000₫ ,"OLED, 6.1"", Super Retina XDR",iOS 15,2 camera 12 MP,12 MP,Apple A15 Bionic,4 GB,128 GB,"1 Nano SIM & 1 eSIM, Hỗ trợ 5G","3240 mAh, 20 W",,,,,
Điện thoại iPhone 13 256GB,Trắng,256GB,19.990.000₫ ,"OLED, 6.1"", Super Retina XDR",iOS 15,2 camera 12 MP,12 MP,Apple A15 Bionic,4 GB,256 GB,"1 Nano SIM & 1 eSIM, Hỗ trợ 5G","3240 mAh, 20 W",,,,,
Điện thoại iPhone 13 256GB,Đen,256GB,19.990.000₫ ,"OLED, 6.1"", Super Retina XDR",iOS 15,2 camera 12 MP,12 MP,Apple A15 Bionic,4 GB,256 GB,"1 Nano SIM & 1 eSIM, Hỗ trợ 5G","3240 mAh, 20 W",,,,,
Điện thoại iPhone 13 256GB,Xanh Dương,256GB,19.990.000₫ ,"OLED, 6.1"", Super Retina XDR",iOS 15,2 camera 12 MP,12 MP,Apple A15 Bionic,4 GB,256 GB,"1 Nano SIM & 1 eSIM, Hỗ trợ 5G","3240 mAh, 20 W",,,,,
Điện thoại iPhone 13 256GB,Hồng,256GB,19.990.000₫ ,"OLED, 6.1"", Super Retina XDR",iOS 15,2 camera 12 MP,12 MP,Apple A15 Bionic,4 GB,256 GB,"1 Nano SIM & 1 eSIM, Hỗ trợ 5G","3240 mAh, 20 W",,,,,
Điện thoại Samsung Galaxy Z Flip4 5G 128GB,Tím,128GB,15.990.000₫ ,"Chính: Dynamic AMOLED 2X, Phụ: Super AMOLED, Chính 6.7"" & Phụ 1.9"", Full HD+",Android 12,2 camera 12 MP,10 MP,Snapdragon 8+ Gen 1,8 GB,128 GB,"1 Nano SIM & 1 eSIM, Hỗ trợ 5G","3700 mAh, 25 W",,,,,
Điện thoại Samsung Galaxy Z Flip4 5G 128GB,Vàng Hồng,128GB,15.990.000₫ ,"Chính: Dynamic AMOLED 2X, Phụ: Super AMOLED, Chính 6.7"" & Phụ 1.9"", Full HD+",Android 12,2 camera 12 MP,10 MP,Snapdragon 8+ Gen 1,8 GB,128 GB,"1 Nano SIM & 1 eSIM, Hỗ trợ 5G","3700 mAh, 25 W",,,,,
Điện thoại Samsung Galaxy Z Flip4 5G 128GB,Xanh Dương,128GB,15.990.000₫ ,"Chính: Dynamic AMOLED 2X, Phụ: Super AMOLED, Chính 6.7"" & Phụ 1.9"", Full HD+",Android 12,2 camera 12 MP,10 MP,Snapdragon 8+ Gen 1,8 GB,128 GB,"1 Nano SIM & 1 eSIM, Hỗ trợ 5G","3700 mAh, 25 W",,,,,
Điện thoại Samsung Galaxy Z Flip4 5G 128GB,Xám,128GB,15.990.000₫ ,"Chính: Dynamic AMOLED 2X, Phụ: Super AMOLED, Chính 6.7"" & Phụ 1.9"", Full HD+",Android 12,2 camera 12 MP,10 MP,Snapdragon 8+ Gen 1,8 GB,128 GB,"1 Nano SIM & 1 eSIM, Hỗ trợ 5G","3700 mAh, 25 W",,,,,
Điện thoại Samsung Galaxy Z Flip4 5G 256GB,Vàng Hồng,256GB,20.990.000₫ ,"Chính: Dynamic AMOLED 2X, Phụ: Super AMOLED, Chính 6.7"" & Phụ 1.9"", Full HD+",Android 12,2 camera 12 MP,10 MP,Snapdragon 8+ Gen 1,8 GB,256 GB,"1 Nano SIM & 1 eSIM, Hỗ trợ 5G","3700 mAh, 25 W",,,,,
Điện thoại Samsung Galaxy Z Flip4 5G 256GB,Tím,256GB,20.990.000₫ ,"Chính: Dynamic AMOLED 2X, Phụ: Super AMOLED, Chính 6.7"" & Phụ 1.9"", Full HD+",Android 12,2 camera 12 MP,10 MP,Snapdragon 8+ Gen 1,8 GB,256 GB,"1 Nano SIM & 1 eSIM, Hỗ trợ 5G","3700 mAh, 25 W",,,,,
Điện thoại Samsung Galaxy Z Flip4 5G 256GB,Xanh Dương,256GB,20.990.000₫ ,"Chính: Dynamic AMOLED 2X, Phụ: Super AMOLED, Chính 6.7"" & Phụ 1.9"", Full HD+",Android 12,2 camera 12 MP,10 MP,Snapdragon 8+ Gen 1,8 GB,256 GB,"1 Nano SIM & 1 eSIM, Hỗ trợ 5G","3700 mAh, 25 W",,,,,
Điện thoại Samsung Galaxy Z Flip4 5G 512GB,Xanh Dương,512GB,18.990.000₫ ,"Chính: Dynamic AMOLED 2X, Phụ: Super AMOLED, Chính 6.7"" & Phụ 1.9"", Full HD+",Android 12,2 camera 12 MP,10 MP,Snapdragon 8+ Gen 1,8 GB,512 GB,"1 Nano SIM & 1 eSIM, Hỗ trợ 5G","3700 mAh, 25 W",,,,,
Điện thoại Samsung Galaxy Z Flip4 5G 512GB,Xám,512GB,18.990.000₫ ,"Chính: Dynamic AMOLED 2X, Phụ: Super AMOLED, Chính 6.7"" & Phụ 1.9"", Full HD+",Android 12,2 camera 12 MP,10 MP,Snapdragon 8+ Gen 1,8 GB,512 GB,"1 Nano SIM & 1 eSIM, Hỗ trợ 5G","3700 mAh, 25 W",,,,,
Điện thoại Samsung Galaxy Z Flip4 5G 512GB,Tím,512GB,18.990.000₫ ,"Chính: Dynamic AMOLED 2X, Phụ: Super AMOLED, Chính 6.7"" & Phụ 1.9"", Full HD+",Android 12,2 camera 12 MP,10 MP,Snapdragon 8+ Gen 1,8 GB,512 GB,"1 Nano SIM & 1 eSIM, Hỗ trợ 5G","3700 mAh, 25 W",,,,,
Điện thoại Samsung Galaxy S23 5G 128GB,Tím nhạt,8GB - 128GB,15.990.000₫ ,"Dynamic AMOLED 2X, 6.1"", Full HD+",Android 13,"Chính 50 MP & Phụ 12 MP, 10 MP",12 MP,Snapdragon 8 Gen 2 8 nhân,8 GB,128 GB,"2 Nano SIM hoặc 1 Nano SIM + 1 eSIM, Hỗ trợ 5G","3900 mAh, 25 W",,,,,
Điện thoại Samsung Galaxy S23 5G 128GB,Đen,8GB - 128GB,15.990.000₫ ,"Dynamic AMOLED 2X, 6.1"", Full HD+",Android 13,"Chính 50 MP & Phụ 12 MP, 10 MP",12 MP,Snapdragon 8 Gen 2 8 nhân,8 GB,128 GB,"2 Nano SIM hoặc 1 Nano SIM + 1 eSIM, Hỗ trợ 5G","3900 mAh, 25 W",,,,,
Điện thoại Samsung Galaxy S23 5G 128GB,Kem,8GB - 128GB,15.990.000₫ ,"Dynamic AMOLED 2X, 6.1"", Full HD+",Android 13,"Chính 50 MP & Phụ 12 MP, 10 MP",12 MP,Snapdragon 8 Gen 2 8 nhân,8 GB,128 GB,"2 Nano SIM hoặc 1 Nano SIM + 1 eSIM, Hỗ trợ 5G","3900 mAh, 25 W",,,,,
Điện thoại Samsung Galaxy S23 5G 128GB,Xanh rêu,8GB - 128GB,15.990.000₫ ,"Dynamic AMOLED 2X, 6.1"", Full HD+",Android 13,"Chính 50 MP & Phụ 12 MP, 10 MP",12 MP,Snapdragon 8 Gen 2 8 nhân,8 GB,128 GB,"2 Nano SIM hoặc 1 Nano SIM + 1 eSIM, Hỗ trợ 5G","3900 mAh, 25 W",,,,,
Điện thoại Samsung Galaxy S23 5G 256GB,Đen,8GB - 256GB,24.990.000₫,"Dynamic AMOLED 2X, 6.1"", Full HD+",Android 13,"Chính 50 MP & Phụ 12 MP, 10 MP",12 MP,Snapdragon 8 Gen 2 8 nhân,8 GB,256 GB,"2 Nano SIM hoặc 1 Nano SIM + 1 eSIM, Hỗ trợ 5G","3900 mAh, 25 W",,,,,
Điện thoại Samsung Galaxy S23 5G 256GB,Tím nhạt,8GB - 256GB,24.990.000₫,"Dynamic AMOLED 2X, 6.1"", Full HD+",Android 13,"Chính 50 MP & Phụ 12 MP, 10 MP",12 MP,Snapdragon 8 Gen 2 8 nhân,8 GB,256 GB,"2 Nano SIM hoặc 1 Nano SIM + 1 eSIM, Hỗ trợ 5G","3900 mAh, 25 W",,,,,
Điện thoại Samsung Galaxy S23 5G 256GB,Kem,8GB - 256GB,24.990.000₫,"Dynamic AMOLED 2X, 6.1"", Full HD+",Android 13,"Chính 50 MP & Phụ 12 MP, 10 MP",12 MP,Snapdragon 8 Gen 2 8 nhân,8 GB,256 GB,"2 Nano SIM hoặc 1 Nano SIM + 1 eSIM, Hỗ trợ 5G","3900 mAh, 25 W",,,,,
Điện thoại Samsung Galaxy S23 5G 256GB,Xanh rêu,8GB - 256GB,24.990.000₫,"Dynamic AMOLED 2X, 6.1"", Full HD+",Android 13,"Chính 50 MP & Phụ 12 MP, 10 MP",12 MP,Snapdragon 8 Gen 2 8 nhân,8 GB,256 GB,"2 Nano SIM hoặc 1 Nano SIM + 1 eSIM, Hỗ trợ 5G","3900 mAh, 25 W",,,,,
Điện thoại iPhone 12 64GB,Tím,64GB,15.790.000₫ ,"OLED, 6.1"", Super Retina XDR",iOS 15,2 camera 12 MP,12 MP,Apple A14 Bionic,4 GB,64 GB,"1 Nano SIM & 1 eSIM, Hỗ trợ 5G","2815 mAh, 20 W",,,,,
Điện thoại iPhone 12 64GB,Đen,64GB,,"OLED, 6.1"", Super Retina XDR",iOS 15,2 camera 12 MP,12 MP,Apple A14 Bionic,4 GB,64 GB,"1 Nano SIM & 1 eSIM, Hỗ trợ 5G","2815 mAh, 20 W",,,,,
Điện thoại iPhone 12 64GB,Xanh lá,64GB,,"OLED, 6.1"", Super Retina XDR",iOS 15,2 camera 12 MP,12 MP,Apple A14 Bionic,4 GB,64 GB,"1 Nano SIM & 1 eSIM, Hỗ trợ 5G","2815 mAh, 20 W",,,,,
Điện thoại iPhone 12 64GB,Xanh Dương,64GB,,"OLED, 6.1"", Super Retina XDR",iOS 15,2 camera 12 MP,12 MP,Apple A14 Bionic,4 GB,64 GB,"1 Nano SIM & 1 eSIM, Hỗ trợ 5G","2815 mAh, 20 W",,,,,
Điện thoại iPhone 12 64GB,Trắng,64GB,,"OLED, 6.1"", Super Retina XDR",iOS 15,2 camera 12 MP,12 MP,Apple A14 Bionic,4 GB,64 GB,"1 Nano SIM & 1 eSIM, Hỗ trợ 5G","2815 mAh, 20 W",,,,,
Điện thoại iPhone 12 64GB,Đỏ,64GB,15.790.000₫ ,"OLED, 6.1"", Super Retina XDR",iOS 15,2 camera 12 MP,12 MP,Apple A14 Bionic,4 GB,64 GB,"1 Nano SIM & 1 eSIM, Hỗ trợ 5G","2815 mAh, 20 W",,,,,
Điện thoại iPhone 12 128GB,Trắng,128GB,17.190.000₫ ,"OLED, 6.1"", Super Retina XDR",iOS 15,2 camera 12 MP,12 MP,Apple A14 Bionic,4 GB,128 GB,"1 Nano SIM & 1 eSIM, Hỗ trợ 5G","2815 mAh, 20 W",,,,,
Điện thoại iPhone 12 128GB,Xanh lá,128GB,17.190.000₫ ,"OLED, 6.1"", Super Retina XDR",iOS 15,2 camera 12 MP,12 MP,Apple A14 Bionic,4 GB,128 GB,"1 Nano SIM & 1 eSIM, Hỗ trợ 5G","2815 mAh, 20 W",,,,,
Điện thoại iPhone 12 128GB,Xanh Dương,128GB,17.190.000₫ ,"OLED, 6.1"", Super Retina XDR",iOS 15,2 camera 12 MP,12 MP,Apple A14 Bionic,4 GB,128 GB,"1 Nano SIM & 1 eSIM, Hỗ trợ 5G","2815 mAh, 20 W",,,,,
Điện thoại iPhone 12 128GB,Đỏ,128GB,17.190.000₫ ,"OLED, 6.1"", Super Retina XDR",iOS 15,2 camera 12 MP,12 MP,Apple A14 Bionic,4 GB,128 GB,"1 Nano SIM & 1 eSIM, Hỗ trợ 5G","2815 mAh, 20 W",,,,,
Điện thoại iPhone 12 128GB,Đen,128GB,17.190.000₫ ,"OLED, 6.1"", Super Retina XDR",iOS 15,2 camera 12 MP,12 MP,Apple A14 Bionic,4 GB,128 GB,"1 Nano SIM & 1 eSIM, Hỗ trợ 5G","2815 mAh, 20 W",,,,,
Điện thoại Samsung Galaxy S22+ 5G 128GB,Xanh lá đậm,8GB - 128GB,15.790.000₫ ,"Dynamic AMOLED 2X, 6.6"", Full HD+",Android 12,"Chính 50 MP & Phụ 12 MP, 10 MP",10 MP,Snapdragon 8 Gen 1,8 GB,128 GB,"2 Nano SIM hoặc 1 Nano SIM + 1 eSIM, Hỗ trợ 5G","4500 mAh, 45 W",,,,,
Điện thoại Samsung Galaxy S22+ 5G 128GB,Đen,8GB - 128GB,15.790.000₫ ,"Dynamic AMOLED 2X, 6.6"", Full HD+",Android 12,"Chính 50 MP & Phụ 12 MP, 10 MP",10 MP,Snapdragon 8 Gen 1,8 GB,128 GB,"2 Nano SIM hoặc 1 Nano SIM + 1 eSIM, Hỗ trợ 5G","4500 mAh, 45 W",,,,,
Điện thoại Samsung Galaxy S22+ 5G 256GB,Đen,8GB - 256GB,17.090.000₫ ,"Dynamic AMOLED 2X, 6.6"", Full HD+",Android 12,"Chính 50 MP & Phụ 12 MP, 10 MP",10 MP,Snapdragon 8 Gen 1,8 GB,256 GB,"2 Nano SIM hoặc 1 Nano SIM + 1 eSIM, Hỗ trợ 5G","4500 mAh, 45 W",,,,,
Điện thoại Samsung Galaxy S22+ 5G 256GB,Trắng,8GB - 256GB,17.090.000₫ ,"Dynamic AMOLED 2X, 6.6"", Full HD+",Android 12,"Chính 50 MP & Phụ 12 MP, 10 MP",10 MP,Snapdragon 8 Gen 1,8 GB,256 GB,"2 Nano SIM hoặc 1 Nano SIM + 1 eSIM, Hỗ trợ 5G","4500 mAh, 45 W",,,,,
Điện thoại Samsung Galaxy S22+ 5G 256GB,Xanh lá đậm,8GB - 256GB,17.090.000₫ ,"Dynamic AMOLED 2X, 6.6"", Full HD+",Android 12,"Chính 50 MP & Phụ 12 MP, 10 MP",10 MP,Snapdragon 8 Gen 1,8 GB,256 GB,"2 Nano SIM hoặc 1 Nano SIM + 1 eSIM, Hỗ trợ 5G","4500 mAh, 45 W",,,,,
Điện thoại OPPO Reno6 Pro 5G,,,13.990.000₫ ,"AMOLED, 6.55"", Full HD+",Android 11,"Chính 50 MP & Phụ 16 MP, 13 MP, 2 MP",32 MP,Snapdragon 870 5G,12 GB,256 GB,"2 Nano SIM, Hỗ trợ 5G","4500 mAh, 65 W",,,,,
Điện thoại Vivo V25 Pro 5G,Xanh Dương,,12.490.000₫ *,"AMOLED, 6.56"", Full HD+",Android 12,"Chính 64 MP & Phụ 8 MP, 2 MP",32 MP,MediaTek Dimensity 1300,8 GB,128 GB,"2 Nano SIM, Hỗ trợ 5G","4830 mAh, 66 W",,,,,
Điện thoại Vivo V25 Pro 5G,Đen,,12.490.000₫ *,"AMOLED, 6.56"", Full HD+",Android 12,"Chính 64 MP & Phụ 8 MP, 2 MP",32 MP,MediaTek Dimensity 1300,8 GB,128 GB,"2 Nano SIM, Hỗ trợ 5G","4830 mAh, 66 W",,,,,
Điện thoại Samsung Galaxy A73 5G 128GB,Xanh lá,,10.390.000₫ ,"Super AMOLED Plus, 6.7"", Full HD+",Android 12,"Chính 108 MP & Phụ 12 MP, 5 MP, 5 MP",32 MP,Snapdragon 778G 5G,8 GB,128 GB,"2 Nano SIM (SIM 2 chung khe thẻ nhớ), Hỗ trợ 5G","5000 mAh, 25 W",,,,,
Điện thoại Samsung Galaxy A73 5G 128GB,Xám,,10.390.000₫ ,"Super AMOLED Plus, 6.7"", Full HD+",Android 12,"Chính 108 MP & Phụ 12 MP, 5 MP, 5 MP",32 MP,Snapdragon 778G 5G,8 GB,128 GB,"2 Nano SIM (SIM 2 chung khe thẻ nhớ), Hỗ trợ 5G","5000 mAh, 25 W",,,,,
Điện thoại Samsung Galaxy S20 FE (8GB/256GB),Xanh lá,,9.490.000₫ ,"Super AMOLED, 6.5"", Full HD+",Android 12,"Chính 12 MP & Phụ 12 MP, 8 MP",32 MP,Snapdragon 865,8 GB,256 GB,"2 Nano SIM (SIM 2 chung khe thẻ nhớ), Hỗ trợ 4G","4500 mAh, 25 W",,,,,
Điện thoại Samsung Galaxy S20 FE (8GB/256GB),Xanh Dương,,9.490.000₫ ,"Super AMOLED, 6.5"", Full HD+",Android 12,"Chính 12 MP & Phụ 12 MP, 8 MP",32 MP,Snapdragon 865,8 GB,256 GB,"2 Nano SIM (SIM 2 chung khe thẻ nhớ), Hỗ trợ 4G","4500 mAh, 25 W",,,,,
Điện thoại Samsung Galaxy A54 5G 128GB,Tím,128GB,9.490.000₫ ,"Super AMOLED, 6.4"", Full HD+",Android 13,"Chính 50 MP & Phụ 12 MP, 5 MP",32 MP,Exynos 1380 8 nhân,8 GB,128 GB,"2 Nano SIM, Hỗ trợ 5G","5000 mAh, 25 W",,,,,
Điện thoại Samsung Galaxy A54 5G 128GB,Đen,128GB,9.490.000₫ ,"Super AMOLED, 6.4"", Full HD+",Android 13,"Chính 50 MP & Phụ 12 MP, 5 MP",32 MP,Exynos 1380 8 nhân,8 GB,128 GB,"2 Nano SIM, Hỗ trợ 5G","5000 mAh, 25 W",,,,,
Điện thoại Samsung Galaxy A54 5G 128GB,Xanh Lá Mạ,128GB,9.490.000₫ ,"Super AMOLED, 6.4"", Full HD+",Android 13,"Chính 50 MP & Phụ 12 MP, 5 MP",32 MP,Exynos 1380 8 nhân,8 GB,128 GB,"2 Nano SIM, Hỗ trợ 5G","5000 mAh, 25 W",,,,,
Điện thoại Samsung Galaxy A54 5G 256GB,Xanh Lá Mạ,256GB,9.990.000₫ ,"Super AMOLED, 6.4"", Full HD+",Android 13,"Chính 50 MP & Phụ 12 MP, 5 MP",32 MP,Exynos 1380 8 nhân,8 GB,256 GB,"2 Nano SIM, Hỗ trợ 5G","5000 mAh, 25 W",,,,,
Điện thoại Samsung Galaxy A54 5G 256GB,Tím,256GB,9.990.000₫ ,"Super AMOLED, 6.4"", Full HD+",Android 13,"Chính 50 MP & Phụ 12 MP, 5 MP",32 MP,Exynos 1380 8 nhân,8 GB,256 GB,"2 Nano SIM, Hỗ trợ 5G","5000 mAh, 25 W",,,,,
Điện thoại Samsung Galaxy A54 5G 256GB,Đen,256GB,9.990.000₫ ,"Super AMOLED, 6.4"", Full HD+",Android 13,"Chính 50 MP & Phụ 12 MP, 5 MP",32 MP,Exynos 1380 8 nhân,8 GB,256 GB,"2 Nano SIM, Hỗ trợ 5G","5000 mAh, 25 W",,,,,
Điện thoại Xiaomi Redmi Note 12 Pro 5G,Xanh Dương,,8.790.000₫ ,"AMOLED, 6.67"", Full HD+",Android 12,"Chính 50 MP & Phụ 8 MP, 2 MP",16 MP,MediaTek Dimensity 1080 8 nhân,8 GB,256 GB,"2 Nano SIM, Hỗ trợ 5G","5000 mAh, 67 W",,,,,
Điện thoại Xiaomi Redmi Note 12 Pro 5G,Trắng,,8.790.000₫ ,"AMOLED, 6.67"", Full HD+",Android 12,"Chính 50 MP & Phụ 8 MP, 2 MP",16 MP,MediaTek Dimensity 1080 8 nhân,8 GB,256 GB,"2 Nano SIM, Hỗ trợ 5G","5000 mAh, 67 W",,,,,
Điện thoại Xiaomi Redmi Note 12 Pro 5G,Đen,,8.790.000₫ ,"AMOLED, 6.67"", Full HD+",Android 12,"Chính 50 MP & Phụ 8 MP, 2 MP",16 MP,MediaTek Dimensity 1080 8 nhân,8 GB,256 GB,"2 Nano SIM, Hỗ trợ 5G","5000 mAh, 67 W",,,,,
,,,,,,,,,,,,,,,,,
Điện thoại OPPO Reno8 T,Đen,,8.490.000₫ ,"AMOLED, 6.4"", Full HD+",Android 13,"Chính 100 MP & Phụ 2 MP, 2 MP",32 MP,MediaTek Helio G99,8 GB,256 GB,"2 Nano SIM, Hỗ trợ 4G","5000 mAh, 33 W",,,,,
Điện thoại OPPO Reno8 T,Cam,,8.490.000₫ ,"AMOLED, 6.4"", Full HD+",Android 13,"Chính 100 MP & Phụ 2 MP, 2 MP",32 MP,MediaTek Helio G99,8 GB,256 GB,"2 Nano SIM, Hỗ trợ 4G","5000 mAh, 33 W",,,,,
Điện thoại OPPO Reno7 Z 5G,Bạc,Reno7 Z 5G,7.490.000₫ ,"AMOLED, 6.43"", Full HD+",Android 11,"Chính 64 MP & Phụ 2 MP, 2 MP",16 MP,Snapdragon 695 5G,8 GB,128 GB,"2 Nano SIM (SIM 2 chung khe thẻ nhớ), Hỗ trợ 5G","4500 mAh, 33 W",,,,,
Điện thoại OPPO Reno7 Z 5G,Đen,Reno7 Z 5G,7.490.000₫ ,"AMOLED, 6.43"", Full HD+",Android 11,"Chính 64 MP & Phụ 2 MP, 2 MP",16 MP,Snapdragon 695 5G,8 GB,128 GB,"2 Nano SIM (SIM 2 chung khe thẻ nhớ), Hỗ trợ 5G","4500 mAh, 33 W",,,,,
Điện thoại OPPO Reno7 Pro 5G,Xanh dương nhạt,Reno7 Pro 5G,11.990.000₫ ,"AMOLED, 6.5"", Full HD+",Android 11,"Chính 50 MP & Phụ 8 MP, 2 MP",32 MP,MediaTek Dimensity 1200 Max,12 GB,256 GB,"2 Nano SIM, Hỗ trợ 5G","4500 mAh, 65 W",,,,,
Điện thoại OPPO Reno7 Pro 5G,Đen,Reno7 Pro 5G,11.990.000₫ ,"AMOLED, 6.5"", Full HD+",Android 11,"Chính 50 MP & Phụ 8 MP, 2 MP",32 MP,MediaTek Dimensity 1200 Max,12 GB,256 GB,"2 Nano SIM, Hỗ trợ 5G","4500 mAh, 65 W",,,,,
Điện thoại OPPO Reno7 5G,Đen,Reno7 5G,7.990.000₫ ,"AMOLED, 6.4"", Full HD+",Android 11,"Chính 64 MP & Phụ 8 MP, 2 MP",32 MP,MediaTek Dimensity 900 5G,8 GB,256 GB,"2 Nano SIM, Hỗ trợ 5G","4500 mAh, 65 W",,,,,
Điện thoại OPPO Reno7 5G,Xanh Dương,Reno7 5G,7.990.000₫ ,"AMOLED, 6.4"", Full HD+",Android 11,"Chính 64 MP & Phụ 8 MP, 2 MP",32 MP,MediaTek Dimensity 900 5G,8 GB,256 GB,"2 Nano SIM, Hỗ trợ 5G","4500 mAh, 65 W",,,,,
Điện thoại Xiaomi Redmi Note 12 Pro 128GB,Xanh dương nhạt,128GB,6.890.000₫ ,"AMOLED, 6.67"", Full HD+",Android 11,"Chính 108 MP & Phụ 8 MP, 2 MP, 2 MP",16 MP,Snapdragon 732G,8 GB,128 GB,"2 Nano SIM (SIM 2 chung khe thẻ nhớ), Hỗ trợ 4G","5000 mAh, 67 W",,,,,
Điện thoại Xiaomi Redmi Note 12 Pro 128GB,Xám,128GB,6.890.000₫ ,"AMOLED, 6.67"", Full HD+",Android 11,"Chính 108 MP & Phụ 8 MP, 2 MP, 2 MP",16 MP,Snapdragon 732G,8 GB,128 GB,"2 Nano SIM (SIM 2 chung khe thẻ nhớ), Hỗ trợ 4G","5000 mAh, 67 W",,,,,
Điện thoại Xiaomi Redmi Note 12 Pro 128GB,Xanh Dương,128GB,6.890.000₫ ,"AMOLED, 6.67"", Full HD+",Android 11,"Chính 108 MP & Phụ 8 MP, 2 MP, 2 MP",16 MP,Snapdragon 732G,8 GB,128 GB,"2 Nano SIM (SIM 2 chung khe thẻ nhớ), Hỗ trợ 4G","5000 mAh, 67 W",,,,,
Điện thoại Xiaomi Redmi Note 12 Pro 256GB,Xanh Dương,256GB,7.690.000₫ ,"AMOLED, 6.67"", Full HD+",Android 11,"Chính 108 MP & Phụ 8 MP, 2 MP, 2 MP",16 MP,Snapdragon 732G,8 GB,256 GB,"2 Nano SIM (SIM 2 chung khe thẻ nhớ), Hỗ trợ 4G","5000 mAh, 67 W",,,,,
Điện thoại Xiaomi Redmi Note 12 Pro 256GB,Xám,256GB,7.690.000₫ ,"AMOLED, 6.67"", Full HD+",Android 11,"Chính 108 MP & Phụ 8 MP, 2 MP, 2 MP",16 MP,Snapdragon 732G,8 GB,256 GB,"2 Nano SIM (SIM 2 chung khe thẻ nhớ), Hỗ trợ 4G","5000 mAh, 67 W",,,,,
Điện thoại Xiaomi Redmi Note 12 Pro 256GB,Xanh dương nhạt,256GB,7.690.000₫ ,"AMOLED, 6.67"", Full HD+",Android 11,"Chính 108 MP & Phụ 8 MP, 2 MP, 2 MP",16 MP,Snapdragon 732G,8 GB,256 GB,"2 Nano SIM (SIM 2 chung khe thẻ nhớ), Hỗ trợ 4G","5000 mAh, 67 W",,,,,
Điện thoại Samsung Galaxy A53 5G 128GB,Xanh Dương,,6.790.000₫ ,"Super AMOLED, 6.5"", Full HD+",Android 12,"Chính 64 MP & Phụ 12 MP, 5 MP, 5 MP",32 MP,Exynos 1280,8 GB,128 GB,"2 Nano SIM (SIM 2 chung khe thẻ nhớ), Hỗ trợ 5G","5000 mAh, 25 W",,,,,
Điện thoại Samsung Galaxy A53 5G 128GB,Đen,,6.790.000₫ ,"Super AMOLED, 6.5"", Full HD+",Android 12,"Chính 64 MP & Phụ 12 MP, 5 MP, 5 MP",32 MP,Exynos 1280,8 GB,128 GB,"2 Nano SIM (SIM 2 chung khe thẻ nhớ), Hỗ trợ 5G","5000 mAh, 25 W",,,,,
Điện thoại Samsung Galaxy A53 5G 128GB,Cam,,6.790.000₫ ,"Super AMOLED, 6.5"", Full HD+",Android 12,"Chính 64 MP & Phụ 12 MP, 5 MP, 5 MP",32 MP,Exynos 1280,8 GB,128 GB,"2 Nano SIM (SIM 2 chung khe thẻ nhớ), Hỗ trợ 5G","5000 mAh, 25 W",,,,,
Điện thoại Samsung Galaxy A53 5G 128GB,Trắng,,6.790.000₫ ,"Super AMOLED, 6.5"", Full HD+",Android 12,"Chính 64 MP & Phụ 12 MP, 5 MP, 5 MP",32 MP,Exynos 1280,8 GB,128 GB,"2 Nano SIM (SIM 2 chung khe thẻ nhớ), Hỗ trợ 5G","5000 mAh, 25 W",,,,,
Điện thoại Xiaomi Redmi Note 12S,Đen,,6.390.000₫ ,"AMOLED, 6.43"", Full HD+",Android 13,"Chính 108 MP & Phụ 8 MP, 2 MP",16 MP,MediaTek Helio G96,8 GB,256 GB,"2 Nano SIM, Hỗ trợ 4G","5000 mAh, 33 W",,,,,
Điện thoại Xiaomi Redmi Note 12S,Xanh Dương,,6.390.000₫ ,"AMOLED, 6.43"", Full HD+",Android 13,"Chính 108 MP & Phụ 8 MP, 2 MP",16 MP,MediaTek Helio G96,8 GB,256 GB,"2 Nano SIM, Hỗ trợ 4G","5000 mAh, 33 W",,,,,
Điện thoại Xiaomi Redmi Note 12S,Xanh lá,,6.390.000₫ ,"AMOLED, 6.43"", Full HD+",Android 13,"Chính 108 MP & Phụ 8 MP, 2 MP",16 MP,MediaTek Helio G96,8 GB,256 GB,"2 Nano SIM, Hỗ trợ 4G","5000 mAh, 33 W",,,,,
Điện thoại OPPO A77s,Đen,,6.290.000₫ ,"IPS LCD, 6.56"", HD+",Android 12,Chính 50 MP & Phụ 2 MP,8 MP,Snapdragon 680,8 GB,128 GB,"2 Nano SIM, Hỗ trợ 4G","5000 mAh, 33 W",,,,,
Điện thoại OPPO A77s,Xanh ngọc,,6.290.000₫ ,"IPS LCD, 6.56"", HD+",Android 12,Chính 50 MP & Phụ 2 MP,8 MP,Snapdragon 680,8 GB,128 GB,"2 Nano SIM, Hỗ trợ 4G","5000 mAh, 33 W",,,,,
Điện thoại OPPO A96,Đen,,6.190.000₫ ,"IPS LCD, 6.59"", Full HD+",Android 11,Chính 50 MP & Phụ 2 MP,16 MP,Snapdragon 680,8 GB,128 GB,"2 Nano SIM, Hỗ trợ 4G","5000 mAh, 33 W",,,,,
Điện thoại OPPO A96,Hồng,,6.190.000₫ ,"IPS LCD, 6.59"", Full HD+",Android 11,Chính 50 MP & Phụ 2 MP,16 MP,Snapdragon 680,8 GB,128 GB,"2 Nano SIM, Hỗ trợ 4G","5000 mAh, 33 W",,,,,
Điện thoại Samsung Galaxy A33 5G 6GB,Đen,,5.990.000₫ ,"Super AMOLED, 6.4"", Full HD+",Android 12,"Chính 48 MP & Phụ 8 MP, 5 MP, 2 MP",13 MP,Exynos 1280,6 GB,128 GB,"2 Nano SIM (SIM 2 chung khe thẻ nhớ), Hỗ trợ 5G","5000 mAh, 25 W",,,,,
Điện thoại Samsung Galaxy A33 5G 6GB,Xanh Dương,,5.990.000₫ ,"Super AMOLED, 6.4"", Full HD+",Android 12,"Chính 48 MP & Phụ 8 MP, 5 MP, 2 MP",13 MP,Exynos 1280,6 GB,128 GB,"2 Nano SIM (SIM 2 chung khe thẻ nhớ), Hỗ trợ 5G","5000 mAh, 25 W",,,,,
Điện thoại Vivo Y35,Đen,,5.990.000₫ *,"IPS LCD, 6.58"", Full HD+",Android 12,"Chính 50 MP & Phụ 2 MP, 2 MP",16 MP,Snapdragon 680,8 GB,128 GB,"2 Nano SIM, Hỗ trợ 4G","5000 mAh, 44 W",,,,,
Điện thoại Vivo Y35,Vàng,,5.990.000₫ *,"IPS LCD, 6.58"", Full HD+",Android 12,"Chính 50 MP & Phụ 2 MP, 2 MP",16 MP,Snapdragon 680,8 GB,128 GB,"2 Nano SIM, Hỗ trợ 4G","5000 mAh, 44 W",,,,,
Điện thoại OPPO A95,,,5.490.000₫ ,"AMOLED, 6.43"", Full HD+",Android 11,"Chính 48 MP & Phụ 2 MP, 2 MP",16 MP,Snapdragon 662,8 GB,128 GB,"2 Nano SIM, Hỗ trợ 4G","5000 mAh, 33 W",,,,,
Điện thoại Vivo Y55,Trắng,,5.340.000₫ ,"AMOLED, 6.44"", Full HD+",Android 12,"Chính 50 MP & Phụ 2 MP, 2 MP",16 MP,Snapdragon 680,8 GB,128 GB,"2 Nano SIM, Hỗ trợ 4G","5000 mAh, 44 W",,,,,
Điện thoại Vivo Y55,Đen,,5.340.000₫ ,"AMOLED, 6.44"", Full HD+",Android 12,"Chính 50 MP & Phụ 2 MP, 2 MP",16 MP,Snapdragon 680,8 GB,128 GB,"2 Nano SIM, Hỗ trợ 4G","5000 mAh, 44 W",,,,,
Điện thoại Vivo T1x,Xanh,,5.290.000₫ ,"IPS LCD, 6.58"", Full HD+",Android 12,"Chính 50 MP & Phụ 2 MP, 2 MP",8 MP,Snapdragon 680,8 GB,128 GB,"2 Nano SIM, Hỗ trợ 4G","5000 mAh, 18 W",,,,,
Điện thoại Vivo T1x,Đen,,5.290.000₫ ,"IPS LCD, 6.58"", Full HD+",Android 12,"Chính 50 MP & Phụ 2 MP, 2 MP",8 MP,Snapdragon 680,8 GB,128 GB,"2 Nano SIM, Hỗ trợ 4G","5000 mAh, 18 W",,,,,
Điện thoại OPPO A76,Đen,,5.190.000₫ ,"IPS LCD, 6.56"", HD+",Android 11,Chính 13 MP & Phụ 2 MP,8 MP,Snapdragon 680,6 GB,128 GB,"2 Nano SIM, Hỗ trợ 4G","5000 mAh, 33 W",,,,,
Điện thoại OPPO A76,Xanh lá,,5.190.000₫ ,"IPS LCD, 6.56"", HD+",Android 11,Chính 13 MP & Phụ 2 MP,8 MP,Snapdragon 680,6 GB,128 GB,"2 Nano SIM, Hỗ trợ 4G","5000 mAh, 33 W",,,,,
Điện thoại Samsung Galaxy A23 5G 4GB,Xanh Dương,4GB,4.890.000₫ ,"IPS LCD, 6.6"", Full HD+",Android 12,"Chính 50 MP & Phụ 5 MP, 2 MP, 2 MP",8 MP,Snapdragon 695 5G,4 GB,128 GB,"2 Nano SIM, Hỗ trợ 5G","5000 mAh, 25 W",,,,,
Điện thoại Samsung Galaxy A23 5G 4GB,Đen,4GB,4.890.000₫ ,"IPS LCD, 6.6"", Full HD+",Android 12,"Chính 50 MP & Phụ 5 MP, 2 MP, 2 MP",8 MP,Snapdragon 695 5G,4 GB,128 GB,"2 Nano SIM, Hỗ trợ 5G","5000 mAh, 25 W",,,,,
Điện thoại Samsung Galaxy A23 5G 6GB,Xanh Dương,6GB,4.990.000₫ ,"IPS LCD, 6.6"", Full HD+",Android 12,"Chính 50 MP & Phụ 5 MP, 2 MP, 2 MP",8 MP,Snapdragon 695 5G,6 GB,128 GB,"2 Nano SIM, Hỗ trợ 5G","5000 mAh, 25 W",,,,,
Điện thoại Samsung Galaxy A23 5G 6GB,Đen,6GB,4.990.000₫ ,"IPS LCD, 6.6"", Full HD+",Android 12,"Chính 50 MP & Phụ 5 MP, 2 MP, 2 MP",8 MP,Snapdragon 695 5G,6 GB,128 GB,"2 Nano SIM, Hỗ trợ 5G","5000 mAh, 25 W",,,,,
Điện thoại Samsung Galaxy A14 5G,Đỏ đô,,4.690.000₫ ,"PLS LCD, 6.6"", Full HD+",Android 13,"Chính 50 MP & Phụ 2 MP, 2 MP",13 MP,MediaTek Dimensity 700,4 GB,128 GB,"2 Nano SIM, Hỗ trợ 5G","5000 mAh, 15 W",,,,,
Điện thoại Samsung Galaxy A14 5G,Đen,,4.690.000₫ ,"PLS LCD, 6.6"", Full HD+",Android 13,"Chính 50 MP & Phụ 2 MP, 2 MP",13 MP,MediaTek Dimensity 700,4 GB,128 GB,"2 Nano SIM, Hỗ trợ 5G","5000 mAh, 15 W",,,,,
Điện thoại Samsung Galaxy A14 5G,Bạc,,4.690.000₫ ,"PLS LCD, 6.6"", Full HD+",Android 13,"Chính 50 MP & Phụ 2 MP, 2 MP",13 MP,MediaTek Dimensity 700,4 GB,128 GB,"2 Nano SIM, Hỗ trợ 5G","5000 mAh, 15 W",,,,,
Điện thoại Samsung Galaxy A23 4GB,Cam,4GB,4.390.000₫ ,"PLS TFT LCD, 6.6"", Full HD+",Android 12,"Chính 50 MP & Phụ 5 MP, 2 MP, 2 MP",8 MP,Snapdragon 680,4 GB,128 GB,"2 Nano SIM, Hỗ trợ 4G","5000 mAh, 25 W",,,,,
Điện thoại Samsung Galaxy A23 4GB,Đen,4GB,4.390.000₫ ,"PLS TFT LCD, 6.6"", Full HD+",Android 12,"Chính 50 MP & Phụ 5 MP, 2 MP, 2 MP",8 MP,Snapdragon 680,4 GB,128 GB,"2 Nano SIM, Hỗ trợ 4G","5000 mAh, 25 W",,,,,
Điện thoại Samsung Galaxy A23 4GB,Xanh Dương,4GB,4.390.000₫ ,"PLS TFT LCD, 6.6"", Full HD+",Android 12,"Chính 50 MP & Phụ 5 MP, 2 MP, 2 MP",8 MP,Snapdragon 680,4 GB,128 GB,"2 Nano SIM, Hỗ trợ 4G","5000 mAh, 25 W",,,,,
Điện thoại Samsung Galaxy A23 6GB,Đen,6GB,4.890.000₫ ,"PLS TFT LCD, 6.6"", Full HD+",Android 12,"Chính 50 MP & Phụ 5 MP, 2 MP, 2 MP",8 MP,Snapdragon 680,6 GB,128 GB,"2 Nano SIM, Hỗ trợ 4G","5000 mAh, 25 W",,,,,
Điện thoại Samsung Galaxy A23 6GB,Xanh Dương,6GB,4.890.000₫ ,"PLS TFT LCD, 6.6"", Full HD+",Android 12,"Chính 50 MP & Phụ 5 MP, 2 MP, 2 MP",8 MP,Snapdragon 680,6 GB,128 GB,"2 Nano SIM, Hỗ trợ 4G","5000 mAh, 25 W",,,,,
Điện thoại Samsung Galaxy A23 6GB,Cam,6GB,4.890.000₫ ,"PLS TFT LCD, 6.6"", Full HD+",Android 12,"Chính 50 MP & Phụ 5 MP, 2 MP, 2 MP",8 MP,Snapdragon 680,6 GB,128 GB,"2 Nano SIM, Hỗ trợ 4G","5000 mAh, 25 W",,,,,
Điện thoại realme 9i (6GB/128GB),Xanh Dương,,4.590.000₫ ,"IPS LCD, 6.6"", Full HD+",Android 11,"Chính 50 MP & Phụ 2 MP, 2 MP",16 MP,Snapdragon 680,6 GB,128 GB,"2 Nano SIM, Hỗ trợ 4G","5000 mAh, 33 W",,,,,
Điện thoại realme 9i (6GB/128GB),Đen,,4.590.000₫ ,"IPS LCD, 6.6"", Full HD+",Android 11,"Chính 50 MP & Phụ 2 MP, 2 MP",16 MP,Snapdragon 680,6 GB,128 GB,"2 Nano SIM, Hỗ trợ 4G","5000 mAh, 33 W",,,,,
Điện thoại OPPO A57 64GB,Đen,64GB,4.090.000₫ ,"IPS LCD, 6.56"", HD+",Android 12,Chính 13 MP & Phụ 2 MP,8 MP,MediaTek Helio G35,4 GB,64 GB,"2 Nano SIM, Hỗ trợ 4G","5000 mAh, 33 W",,,,,
Điện thoại OPPO A57 64GB,Xanh ngọc,64GB,4.090.000₫ ,"IPS LCD, 6.56"", HD+",Android 12,Chính 13 MP & Phụ 2 MP,8 MP,MediaTek Helio G35,4 GB,64 GB,"2 Nano SIM, Hỗ trợ 4G","5000 mAh, 33 W",,,,,
Điện thoại OPPO A57 128GB,Đen,128GB,4.390.000₫ ,"IPS LCD, 6.56"", HD+",Android 12,Chính 13 MP & Phụ 2 MP,8 MP,MediaTek Helio G35,4 GB,128 GB,"2 Nano SIM, Hỗ trợ 4G","5000 mAh, 33 W",,,,,
Điện thoại OPPO A57 128GB,Xanh ngọc,128GB,4.390.000₫ ,"IPS LCD, 6.56"", HD+",Android 12,Chính 13 MP & Phụ 2 MP,8 MP,MediaTek Helio G35,4 GB,128 GB,"2 Nano SIM, Hỗ trợ 4G","5000 mAh, 33 W",,,,,
Điện thoại OPPO A57 128GB,Vàng,128GB,4.390.000₫ ,"IPS LCD, 6.56"", HD+",Android 12,Chính 13 MP & Phụ 2 MP,8 MP,MediaTek Helio G35,4 GB,128 GB,"2 Nano SIM, Hỗ trợ 4G","5000 mAh, 33 W",,,,,
Điện thoại Vivo Y21s 4GB,Xanh,Y21s 4GB,3.890.000₫ ,"IPS LCD, 6.51"", HD+",Android 11,"Chính 50 MP & Phụ 2 MP, 2 MP",8 MP,MediaTek Helio G80,4 GB,128 GB,"2 Nano SIM, Hỗ trợ 4G","5000 mAh, 18 W",,,,,
Điện thoại Vivo Y21s 4GB,Trắng,Y21s 4GB,3.890.000₫ ,"IPS LCD, 6.51"", HD+",Android 11,"Chính 50 MP & Phụ 2 MP, 2 MP",8 MP,MediaTek Helio G80,4 GB,128 GB,"2 Nano SIM, Hỗ trợ 4G","5000 mAh, 18 W",,,,,
Điện thoại Vivo Y21s 6GB,Xanh,Y21s 6GB,4.490.000₫ ,"IPS LCD, 6.51"", HD+",Android 11,"Chính 50 MP & Phụ 2 MP, 2 MP",8 MP,MediaTek Helio G80,6 GB,128 GB,"2 Nano SIM, Hỗ trợ 4G","5000 mAh, 18 W",,,,,
Điện thoại Vivo Y21s 6GB,Trắng,Y21s 6GB,4.490.000₫ ,"IPS LCD, 6.51"", HD+",Android 11,"Chính 50 MP & Phụ 2 MP, 2 MP",8 MP,MediaTek Helio G80,6 GB,128 GB,"2 Nano SIM, Hỗ trợ 4G","5000 mAh, 18 W",,,,,
Điện thoại Samsung Galaxy A13 6GB,Xanh Dương,,3.790.000₫ ,"PLS TFT LCD, 6.6"", Full HD+",Android 12,"Chính 50 MP & Phụ 5 MP, 2 MP, 2 MP",8 MP,Exynos 850,6 GB,128 GB,"2 Nano SIM, Hỗ trợ 4G","5000 mAh, 15 W",,,,,
Điện thoại Samsung Galaxy A13 6GB,Đen,,3.790.000₫ ,"PLS TFT LCD, 6.6"", Full HD+",Android 12,"Chính 50 MP & Phụ 5 MP, 2 MP, 2 MP",8 MP,Exynos 850,6 GB,128 GB,"2 Nano SIM, Hỗ trợ 4G","5000 mAh, 15 W",,,,,
Điện thoại Samsung Galaxy A13 6GB,Cam,,3.790.000₫ ,"PLS TFT LCD, 6.6"", Full HD+",Android 12,"Chính 50 MP & Phụ 5 MP, 2 MP, 2 MP",8 MP,Exynos 850,6 GB,128 GB,"2 Nano SIM, Hỗ trợ 4G","5000 mAh, 15 W",,,,,
Điện thoại OPPO A17,Đen,,3.690.000₫ ,"IPS LCD, 6.56"", HD+",Android 12,Chính 50 MP & Phụ 0.3 MP,5 MP,MediaTek Helio G35,4 GB,64 GB,"2 Nano SIM, Hỗ trợ 4G","5000 mAh, 10 W",,,,,
Điện thoại OPPO A17,Xanh Dương,,3.690.000₫ ,"IPS LCD, 6.56"", HD+",Android 12,Chính 50 MP & Phụ 0.3 MP,5 MP,MediaTek Helio G35,4 GB,64 GB,"2 Nano SIM, Hỗ trợ 4G","5000 mAh, 10 W",,,,,
Điện thoại Nokia G22,Xanh Dương,,,"LCD, 6.52"", HD+",Android 12,"Chính 50 MP & Phụ 2 MP, 2 MP",8 MP,Unisoc T606,4 GB,128 GB,"2 Nano SIM, Hỗ trợ 4G","5050 mAh, 20 W",,,,,
Điện thoại Nokia G22,Xám,,,"LCD, 6.52"", HD+",Android 12,"Chính 50 MP & Phụ 2 MP, 2 MP",8 MP,Unisoc T606,4 GB,128 GB,"2 Nano SIM, Hỗ trợ 4G","5050 mAh, 20 W",,,,,
Điện thoại OPPO A17K,Vàng,,2.990.000₫ ,"IPS LCD, 6.56"", HD+",Android 12,8 MP,5 MP,MediaTek Helio G35,3 GB,64 GB,"2 Nano SIM, Hỗ trợ 4G","5000 mAh, 10 W",,,,,
Điện thoại OPPO A17K,Xanh Dương,,2.990.000₫ ,"IPS LCD, 6.56"", HD+",Android 12,8 MP,5 MP,MediaTek Helio G35,3 GB,64 GB,"2 Nano SIM, Hỗ trợ 4G","5000 mAh, 10 W",,,,,
Điện thoại OPPO A16,Bạc,,2.790.000₫ ,"IPS LCD, 6.52"", HD+",Android 11,"Chính 13 MP & Phụ 2 MP, 2 MP",8 MP,MediaTek Helio G35,3 GB,32 GB,"2 Nano SIM, Hỗ trợ 4G","5000 mAh, 10 W",,,,,
Điện thoại OPPO A16,Đen,,2.790.000₫ ,"IPS LCD, 6.52"", HD+",Android 11,"Chính 13 MP & Phụ 2 MP, 2 MP",8 MP,MediaTek Helio G35,3 GB,32 GB,"2 Nano SIM, Hỗ trợ 4G","5000 mAh, 10 W",,,,,
Điện thoại Vivo Y02,Xanh tím,,2.590.000₫ ,"IPS LCD, 6.51"", HD+",Android 12 (Go Edition),8 MP,5 MP,MediaTek MT6762 (Helio P22),2 GB,32 GB,"2 Nano SIM, Hỗ trợ 4G","5000 mAh, 10 W",,,,,
Điện thoại Vivo Y02,Đen,,2.590.000₫ ,"IPS LCD, 6.51"", HD+",Android 12 (Go Edition),8 MP,5 MP,MediaTek MT6762 (Helio P22),2 GB,32 GB,"2 Nano SIM, Hỗ trợ 4G","5000 mAh, 10 W",,,,,
Điện thoại Samsung Galaxy A04 (3GB/32GB),Xanh lá đậm,3GB - 32GB,2.490.000₫ ,"IPS LCD, 6.5"", HD+",Android 12,Chính 50 MP & Phụ 2 MP,5 MP,MediaTek Helio P35,3 GB,32 GB,"2 Nano SIM, Hỗ trợ 4G","5000 mAh, 15 W",,,,,
Điện thoại Samsung Galaxy A04 (3GB/32GB),Đen,3GB - 32GB,2.490.000₫ ,"IPS LCD, 6.5"", HD+",Android 12,Chính 50 MP & Phụ 2 MP,5 MP,MediaTek Helio P35,3 GB,32 GB,"2 Nano SIM, Hỗ trợ 4G","5000 mAh, 15 W",,,,,
Điện thoại Samsung Galaxy A04 (3GB/32GB),Nâu,3GB - 32GB,2.490.000₫ ,"IPS LCD, 6.5"", HD+",Android 12,Chính 50 MP & Phụ 2 MP,5 MP,MediaTek Helio P35,3 GB,32 GB,"2 Nano SIM, Hỗ trợ 4G","5000 mAh, 15 W",,,,,
Điện thoại Samsung Galaxy A04 (4GB/64GB),Nâu,4GB - 64GB,2.790.000₫ ,"IPS LCD, 6.5"", HD+",Android 12,Chính 50 MP & Phụ 2 MP,5 MP,MediaTek Helio P35,4 GB,64 GB,"2 Nano SIM, Hỗ trợ 4G","5000 mAh, 15 W",,,,,
Điện thoại Samsung Galaxy A04 (4GB/64GB),Xanh lá đậm,4GB - 64GB,2.790.000₫ ,"IPS LCD, 6.5"", HD+",Android 12,Chính 50 MP & Phụ 2 MP,5 MP,MediaTek Helio P35,4 GB,64 GB,"2 Nano SIM, Hỗ trợ 4G","5000 mAh, 15 W",,,,,
Điện thoại Samsung Galaxy A04 (4GB/64GB),Đen,4GB - 64GB,2.790.000₫ ,"IPS LCD, 6.5"", HD+",Android 12,Chính 50 MP & Phụ 2 MP,5 MP,MediaTek Helio P35,4 GB,64 GB,"2 Nano SIM, Hỗ trợ 4G","5000 mAh, 15 W",,,,,
Điện thoại Xiaomi Redmi A2+,Xanh Dương,,2.490.000₫ ,"IPS LCD, 6.52"", HD+",Android 13 (Go Edition),Chính 8 MP & Phụ QVGA (248 x 328 Pixels),5 MP,MediaTek Helio G36 8 nhân,3 GB,64 GB,"2 Nano SIM, Hỗ trợ 4G","5000 mAh, 10 W",,,,,
Điện thoại Xiaomi Redmi A2+,Xanh lá,,2.490.000₫ ,"IPS LCD, 6.52"", HD+",Android 13 (Go Edition),Chính 8 MP & Phụ QVGA (248 x 328 Pixels),5 MP,MediaTek Helio G36 8 nhân,3 GB,64 GB,"2 Nano SIM, Hỗ trợ 4G","5000 mAh, 10 W",,,,,
Điện thoại Xiaomi Redmi A2+,Đen,,2.490.000₫ ,"IPS LCD, 6.52"", HD+",Android 13 (Go Edition),Chính 8 MP & Phụ QVGA (248 x 328 Pixels),5 MP,MediaTek Helio G36 8 nhân,3 GB,64 GB,"2 Nano SIM, Hỗ trợ 4G","5000 mAh, 10 W",,,,,
Điện thoại realme C33 (3GB/32GB),Xanh,3GB - 32GB,2.440.000₫ ,"IPS LCD, 6.5"", HD+",Android 12,Chính 50 MP & Phụ 0.3 MP,5 MP,Unisoc Tiger T612,3 GB,32 GB,"2 Nano SIM, Hỗ trợ 4G","5000 mAh, 10 W",,,,,
Điện thoại realme C33 (3GB/32GB),Đen,3GB - 32GB,2.440.000₫ ,"IPS LCD, 6.5"", HD+",Android 12,Chính 50 MP & Phụ 0.3 MP,5 MP,Unisoc Tiger T612,3 GB,32 GB,"2 Nano SIM, Hỗ trợ 4G","5000 mAh, 10 W",,,,,
Điện thoại realme C33 (3GB/32GB),Vàng,3GB - 32GB,2.440.000₫ ,"IPS LCD, 6.5"", HD+",Android 12,Chính 50 MP & Phụ 0.3 MP,5 MP,Unisoc Tiger T612,3 GB,32 GB,"2 Nano SIM, Hỗ trợ 4G","5000 mAh, 10 W",,,,,
Điện thoại realme C33 (4GB/64GB),Đen,4GB - 64GB,2.840.000₫ ,"IPS LCD, 6.5"", HD+",Android 12,Chính 50 MP & Phụ 0.3 MP,5 MP,Unisoc Tiger T612,4 GB,64 GB,"2 Nano SIM, Hỗ trợ 4G","5000 mAh, 10 W",,,,,
Điện thoại realme C33 (4GB/64GB),Xanh,4GB - 64GB,2.840.000₫ ,"IPS LCD, 6.5"", HD+",Android 12,Chính 50 MP & Phụ 0.3 MP,5 MP,Unisoc Tiger T612,4 GB,64 GB,"2 Nano SIM, Hỗ trợ 4G","5000 mAh, 10 W",,,,,
Điện thoại Vivo Y01,Đen,,2.390.000₫ ,"IPS LCD, 6.51"", HD+",Android 11 (Go Edition),8 MP,5 MP,MediaTek Helio P35,2 GB,32 GB,"2 Nano SIM, Hỗ trợ 4G","5000 mAh, 10 W",,,,,
Điện thoại Vivo Y01,Xanh ngọc,,2.390.000₫ ,"IPS LCD, 6.51"", HD+",Android 11 (Go Edition),8 MP,5 MP,MediaTek Helio P35,2 GB,32 GB,"2 Nano SIM, Hỗ trợ 4G","5000 mAh, 10 W",,,,,
Điện thoại Nokia C31 (3GB/32GB),Xanh Đậm,,,"TFT LCD, 6.7"", HD+",Android 12,"Chính 13 MP & Phụ 2 MP, 2 MP",5 MP,Unisoc SC9863A1,3 GB,32 GB,"2 Nano SIM, Hỗ trợ 4G","5050 mAh, 10 W",,,,,
Điện thoại Nokia C31 (3GB/32GB),Xanh mint,,,"TFT LCD, 6.7"", HD+",Android 12,"Chính 13 MP & Phụ 2 MP, 2 MP",5 MP,Unisoc SC9863A1,3 GB,32 GB,"2 Nano SIM, Hỗ trợ 4G","5050 mAh, 10 W",,,,,
Điện thoại Itel L6502,Đen,,1.590.000₫ ,"IPS LCD, 6.52"", HD+",Android 10 (Go Edition),"Chính 8 MP & Phụ VGA, VGA",5 MP,Spreadtrum SC9832E,3 GB,32 GB,"2 Nano SIM, Hỗ trợ 4G","4000 mAh, 5 W",,,,,
Điện thoại Itel L6502,Xanh,,1.590.000₫ ,"IPS LCD, 6.52"", HD+",Android 10 (Go Edition),"Chính 8 MP & Phụ VGA, VGA",5 MP,Spreadtrum SC9832E,3 GB,32 GB,"2 Nano SIM, Hỗ trợ 4G","4000 mAh, 5 W",,,,,
Điện thoại Itel L6502,Xanh ngọc,,1.590.000₫ ,"IPS LCD, 6.52"", HD+",Android 10 (Go Edition),"Chính 8 MP & Phụ VGA, VGA",5 MP,Spreadtrum SC9832E,3 GB,32 GB,"2 Nano SIM, Hỗ trợ 4G","4000 mAh, 5 W",,,,,
Điện thoại Nokia 8210 4G,Đỏ,,1.590.000₫ ,"2.8""",,0.3 MP,,,,,"2 Nano SIM, Hỗ trợ 4G",,2000 số,"MicroSD, hỗ trợ tối đa 32 GB",FM không cần tai nghe,3.5 mm,1450 mAh
Điện thoại Nokia 8210 4G,Trắng,,1.590.000₫ ,"2.8""",,0.3 MP,,,,,"2 Nano SIM, Hỗ trợ 4G",,2000 số,"MicroSD, hỗ trợ tối đa 32 GB",FM không cần tai nghe,3.5 mm,1450 mAh
Điện thoại Nokia 8210 4G,Xanh,,1.590.000₫ ,"2.8""",,0.3 MP,,,,,"2 Nano SIM, Hỗ trợ 4G",,2000 số,"MicroSD, hỗ trợ tối đa 32 GB",FM không cần tai nghe,3.5 mm,1450 mAh
Điện thoại Itel L6006,Tím,,1.390.000₫ ,"IPS LCD, 6.1"", HD+",Android 10 (Go Edition),Chính 5 MP & Phụ VGA,5 MP,Spreadtrum SC9832E,2 GB,32 GB,"2 Micro SIM, Hỗ trợ 4G","3000 mAh, 5 W",,,,,
Điện thoại Itel L6006,Xanh,,1.390.000₫ ,"IPS LCD, 6.1"", HD+",Android 10 (Go Edition),Chính 5 MP & Phụ VGA,5 MP,Spreadtrum SC9832E,2 GB,32 GB,"2 Micro SIM, Hỗ trợ 4G","3000 mAh, 5 W",,,,,
Điện thoại Itel L6006,Đen,,1.390.000₫ ,"IPS LCD, 6.1"", HD+",Android 10 (Go Edition),Chính 5 MP & Phụ VGA,5 MP,Spreadtrum SC9832E,2 GB,32 GB,"2 Micro SIM, Hỗ trợ 4G","3000 mAh, 5 W",,,,,
Điện thoại Nokia 215 4G,Xanh ngọc,,990.000₫ ,"TFT LCD, 2.4"", 256.000 màu",,,,,,,"2 Nano SIM, Hỗ trợ 4G",,2000 số,"MicroSD, hỗ trợ tối đa 32 GB",Có,3.5 mm,1150 mAh
Điện thoại Nokia 215 4G,Đen,,990.000₫ ,"TFT LCD, 2.4"", 256.000 màu",,,,,,,"2 Nano SIM, Hỗ trợ 4G",,2000 số,"MicroSD, hỗ trợ tối đa 32 GB",Có,3.5 mm,1150 mAh
Điện thoại Mobell Rock 4 4G,Xanh Dương,,810.000₫ ,"TFT LCD, 2.4"", 262.000 màu",,,,,,,"2 Nano SIM, Hỗ trợ 4G VoLTE",,2000 số,"MicroSD, hỗ trợ tối đa 64 GB",FM không cần tai nghe,Micro USB,3250 mAh
Điện thoại Mobell Rock 4 4G,Xanh lá,,810.000₫ ,"TFT LCD, 2.4"", 262.000 màu",,,,,,,"2 Nano SIM, Hỗ trợ 4G VoLTE",,2000 số,"MicroSD, hỗ trợ tối đa 64 GB",FM không cần tai nghe,Micro USB,3250 mAh
Điện thoại Mobell Rock 4 4G,Đen,,810.000₫ ,"TFT LCD, 2.4"", 262.000 màu",,,,,,,"2 Nano SIM, Hỗ trợ 4G VoLTE",,2000 số,"MicroSD, hỗ trợ tối đa 64 GB",FM không cần tai nghe,Micro USB,3250 mAh
Điện thoại Mobell F309 4G,Vàng,,760.000₫ ,"TFT LCD, 2.31"", 262.000 màu",,0.08 MP,,,,,"2 Nano SIM, Hỗ trợ 4G VoLTE",,2000 số,"MicroSD, hỗ trợ tối đa 64 GB",FM không cần tai nghe,Micro USB,1600 mAh
Điện thoại Mobell F309 4G,Đen,,760.000₫ ,"TFT LCD, 2.31"", 262.000 màu",,0.08 MP,,,,,"2 Nano SIM, Hỗ trợ 4G VoLTE",,2000 số,"MicroSD, hỗ trợ tối đa 64 GB",FM không cần tai nghe,Micro USB,1600 mAh
Điện thoại Mobell F309 4G,Xanh Dương,,760.000₫ ,"TFT LCD, 2.31"", 262.000 màu",,0.08 MP,,,,,"2 Nano SIM, Hỗ trợ 4G VoLTE",,2000 số,"MicroSD, hỗ trợ tối đa 64 GB",FM không cần tai nghe,Micro USB,1600 mAh
Điện thoại Masstel Lux 20 4G,Xanh Dương,,750.000₫ ,"TFT LCD, 2.4"", 16.7 triệu màu",,,,,,,"2 Nano SIM, Hỗ trợ 4G",,2000 số,"MicroSD, hỗ trợ tối đa 32 GB",FM không cần tai nghe,,1800 mAh
Điện thoại Masstel Lux 20 4G,Vàng,,750.000₫ ,"TFT LCD, 2.4"", 16.7 triệu màu",,,,,,,"2 Nano SIM, Hỗ trợ 4G",,2000 số,"MicroSD, hỗ trợ tối đa 32 GB",FM không cần tai nghe,,1800 mAh
Điện thoại Masstel Lux 20 4G,Bạc,,750.000₫ ,"TFT LCD, 2.4"", 16.7 triệu màu",,,,,,,"2 Nano SIM, Hỗ trợ 4G",,2000 số,"MicroSD, hỗ trợ tối đa 32 GB",FM không cần tai nghe,,1800 mAh
Điện thoại Masstel FAMI 60 4G,Đen,,730.000₫ ,"TFT LCD, 2"", 260.000 màu",,,,,,,"2 Nano SIM, Hỗ trợ 4G VoLTE",,500 số,"MicroSD, hỗ trợ tối đa 32 GB",FM không cần tai nghe,,2000 mAh
Điện thoại Masstel FAMI 60 4G,Vàng,,730.000₫ ,"TFT LCD, 2"", 260.000 màu",,,,,,,"2 Nano SIM, Hỗ trợ 4G VoLTE",,500 số,"MicroSD, hỗ trợ tối đa 32 GB",FM không cần tai nghe,,2000 mAh
Điện thoại Masstel FAMI 60 4G,Xanh Dương,,730.000₫ ,"TFT LCD, 2"", 260.000 màu",,,,,,,"2 Nano SIM, Hỗ trợ 4G VoLTE",,500 số,"MicroSD, hỗ trợ tối đa 32 GB",FM không cần tai nghe,,2000 mAh
Điện thoại Nokia 110 4G,Xanh ngọc,,720.000₫ ,"TFT LCD, 1.8"", 65.536 màu",,0.08 MP,,,,,"2 Nano SIM, Hỗ trợ 4G",,2000 số,"MicroSD, hỗ trợ tối đa 32 GB",FM không cần tai nghe,3.5 mm,1020 mAh
Điện thoại Nokia 110 4G,Đen,,720.000₫ ,"TFT LCD, 1.8"", 65.536 màu",,0.08 MP,,,,,"2 Nano SIM, Hỗ trợ 4G",,2000 số,"MicroSD, hỗ trợ tối đa 32 GB",FM không cần tai nghe,3.5 mm,1020 mAh
Điện thoại Nokia 110 4G,Vàng,,720.000₫ ,"TFT LCD, 1.8"", 65.536 màu",,0.08 MP,,,,,"2 Nano SIM, Hỗ trợ 4G",,2000 số,"MicroSD, hỗ trợ tối đa 32 GB",FM không cần tai nghe,3.5 mm,1020 mAh
Điện thoại Mobell M539 4G,Đỏ,,700.000₫ ,"TFT LCD, 2.8"", 262.000 màu",,0.08 MP,,,,,"2 Nano SIM, Hỗ trợ 4G VoLTE",,2000 số,"MicroSD, hỗ trợ tối đa 64 GB",FM không cần tai nghe,Micro USB,2000 mAh
Điện thoại Mobell M539 4G,Vàng đồng,,700.000₫ ,"TFT LCD, 2.8"", 262.000 màu",,0.08 MP,,,,,"2 Nano SIM, Hỗ trợ 4G VoLTE",,2000 số,"MicroSD, hỗ trợ tối đa 64 GB",FM không cần tai nghe,Micro USB,2000 mAh
Điện thoại Mobell M539 4G,Đen,,700.000₫ ,"TFT LCD, 2.8"", 262.000 màu",,0.08 MP,,,,,"2 Nano SIM, Hỗ trợ 4G VoLTE",,2000 số,"MicroSD, hỗ trợ tối đa 64 GB",FM không cần tai nghe,Micro USB,2000 mAh
Điện thoại Itel it9210 4G,Đen,,680.000₫ ,"LCD, 2.4"", 256.000 màu",,0.3 MP,,,,,"2 Micro SIM, Hỗ trợ 4G",,2000 số,"MicroSD, hỗ trợ tối đa 64 GB",Có,3.5 mm,1900 mAh
Điện thoại Itel it9210 4G,Xanh Dương,,680.000₫ ,"LCD, 2.4"", 256.000 màu",,0.3 MP,,,,,"2 Micro SIM, Hỗ trợ 4G",,2000 số,"MicroSD, hỗ trợ tối đa 64 GB",Có,3.5 mm,1900 mAh
Điện thoại Nokia 105 4G,Xanh ngọc,,670.000₫ ,"TFT LCD, 1.8"", 65.536 màu",,,,,,,"2 Nano SIM, Hỗ trợ 4G VoLTE",,2000 số,,FM không cần tai nghe,3.5 mm,1020 mAh
Điện thoại Nokia 105 4G,Đen,,670.000₫ ,"TFT LCD, 1.8"", 65.536 màu",,,,,,,"2 Nano SIM, Hỗ trợ 4G VoLTE",,2000 số,,FM không cần tai nghe,3.5 mm,1020 mAh
Điện thoại Nokia 105 4G,Đỏ,,670.000₫ ,"TFT LCD, 1.8"", 65.536 màu",,,,,,,"2 Nano SIM, Hỗ trợ 4G VoLTE",,2000 số,,FM không cần tai nghe,3.5 mm,1020 mAh
Điện thoại Masstel FAMI 12 4G,Vàng,,620.000₫ ,"TFT LCD, 1.77"", 262.000 màu",,0.08 MP,,,,,"2 Nano SIM, Hỗ trợ 4G VoLTE",,500 số,"MicroSD, hỗ trợ tối đa 64 GB",FM không cần tai nghe,3.5 mm,1400 mAh
Điện thoại Masstel FAMI 12 4G,Đen,,620.000₫ ,"TFT LCD, 1.77"", 262.000 màu",,0.08 MP,,,,,"2 Nano SIM, Hỗ trợ 4G VoLTE",,500 số,"MicroSD, hỗ trợ tối đa 64 GB",FM không cần tai nghe,3.5 mm,1400 mAh
Điện thoại Masstel FAMI 12 4G,Xanh Dương,,620.000₫ ,"TFT LCD, 1.77"", 262.000 màu",,0.08 MP,,,,,"2 Nano SIM, Hỗ trợ 4G VoLTE",,500 số,"MicroSD, hỗ trợ tối đa 64 GB",FM không cần tai nghe,3.5 mm,1400 mAh
Điện thoại Mobell F209 4G,Đen,,620.000₫ ,"TFT LCD, 2"", 262.000 màu",,,,,,,"2 Nano SIM, Hỗ trợ 4G VoLTE",,2000 số,"MicroSD, hỗ trợ tối đa 64 GB",FM không cần tai nghe,,1500 mAh
Điện thoại Mobell F209 4G,Xanh Dương,,620.000₫ ,"TFT LCD, 2"", 262.000 màu",,,,,,,"2 Nano SIM, Hỗ trợ 4G VoLTE",,2000 số,"MicroSD, hỗ trợ tối đa 64 GB",FM không cần tai nghe,,1500 mAh
Điện thoại Masstel IZI 26 4G,Xanh Dương,,600.000₫ ,"TFT LCD, 2.4"", 262.000 màu",,,,,,,"2 Nano SIM, Hỗ trợ 4G VoLTE",,500 số,"MicroSD, hỗ trợ tối đa 32 GB",FM không cần tai nghe,3.5 mm,1800 mAh
Điện thoại Masstel IZI 26 4G,Đen,,600.000₫ ,"TFT LCD, 2.4"", 262.000 màu",,,,,,,"2 Nano SIM, Hỗ trợ 4G VoLTE",,500 số,"MicroSD, hỗ trợ tối đa 32 GB",FM không cần tai nghe,3.5 mm,1800 mAh
Điện thoại Itel it9010 4G,Xanh lá,,580.000₫ ,"LCD, 1.77"", 256.000 màu",,0.08 MP,,,,,"2 Micro SIM, Hỗ trợ 4G",,2000 số,"MicroSD, hỗ trợ tối đa 64 GB",Có,3.5 mm,1000 mAh
Điện thoại Itel it9010 4G,Xanh Dương,,580.000₫ ,"LCD, 1.77"", 256.000 màu",,0.08 MP,,,,,"2 Micro SIM, Hỗ trợ 4G",,2000 số,"MicroSD, hỗ trợ tối đa 64 GB",Có,3.5 mm,1000 mAh
Điện thoại Masstel Lux 10 4G,Vàng,,570.000₫ ,"TFT LCD, 2.4"", 16.7 triệu màu",,,,,,,"2 Nano SIM, Hỗ trợ 4G VoLTE",,2000 số,"MicroSD, hỗ trợ tối đa 32 GB",Có,,1400 mAh
Điện thoại Masstel Lux 10 4G,Xanh Dương,,570.000₫ ,"TFT LCD, 2.4"", 16.7 triệu màu",,,,,,,"2 Nano SIM, Hỗ trợ 4G VoLTE",,2000 số,"MicroSD, hỗ trợ tối đa 32 GB",Có,,1400 mAh
Điện thoại Masstel Lux 10 4G,Xanh lá,,570.000₫ ,"TFT LCD, 2.4"", 16.7 triệu màu",,,,,,,"2 Nano SIM, Hỗ trợ 4G VoLTE",,2000 số,"MicroSD, hỗ trợ tối đa 32 GB",Có,,1400 mAh
Điện thoại Masstel IZI 10 4G,Xanh Dương,,390.000₫ ,"TFT LCD, 1.77"", 262.000 màu",,,,,,,"2 Nano SIM, Hỗ trợ 4G VoLTE",,2000 số,"MicroSD, hỗ trợ tối đa 32 GB",FM không cần tai nghe,3.5 mm,1000 mAh
Điện thoại Masstel IZI 10 4G,Đen,,390.000₫ ,"TFT LCD, 1.77"", 262.000 màu",,,,,,,"2 Nano SIM, Hỗ trợ 4G VoLTE",,2000 số,"MicroSD, hỗ trợ tối đa 32 GB",FM không cần tai nghe,3.5 mm,1000 mAh
Điện thoại Masstel IZI 10 4G,Đen - Đỏ,,390.000₫ ,"TFT LCD, 1.77"", 262.000 màu",,,,,,,"2 Nano SIM, Hỗ trợ 4G VoLTE",,2000 số,"MicroSD, hỗ trợ tối đa 32 GB",FM không cần tai nghe,3.5 mm,1000 mAh
Điện thoại Mobell M239 4G,Đỏ,,390.000₫ ,"TFT LCD, 1.77"", 65.000 màu",,8 MP,,,,,"2 Nano SIM, Hỗ trợ 4G VoLTE",,300 số,"MicroSD, hỗ trợ tối đa 64 GB",Có,,1000 mAh
Điện thoại Mobell M239 4G,Đen,,390.000₫ ,"TFT LCD, 1.77"", 65.000 màu",,8 MP,,,,,"2 Nano SIM, Hỗ trợ 4G VoLTE",,300 số,"MicroSD, hỗ trợ tối đa 64 GB",Có,,1000 mAh
Điện thoại Mobell M239 4G,Xanh Dương,,390.000₫ ,"TFT LCD, 1.77"", 65.000 màu",,8 MP,,,,,"2 Nano SIM, Hỗ trợ 4G VoLTE",,300 số,"MicroSD, hỗ trợ tối đa 64 GB",Có,,1000 mAh
